954036,Cathy,Zuko,2.326664,
982833,Jamie,Barch,3.215976,
984093,Jamie,Green,1.831681,
969249,Davin,Green,1.016577,
991496,Cathy,Winehouse,3.851437,
933966,Thomas,Barch,3.386069,
902607,Jamie,Green,1.589926,
942349,Cathy,Green,2.363487,
936675,Tony,Joestar,0.044982,
970490,Tony,Joestar,3.955369,
991183,Thomas,Green,3.840245,
941362,Roger,Zuko,3.078898,
910638,Chris,Winehouse,1.386935,
968575,Jack,Zuko,1.680665,
986071,Jamie,Joestar,0.404276,
988042,Abby,Wong,3.516203,
918789,David,clint,0.155252,
945756,Emily,Zuko,0.685474,
923087,Jack,Green,2.605949,
973895,Chris,foster,2.897224,
921238,Abby,Brown,3.074922,
928610,Emily,clint,1.052445,
943270,Jamie,Wong,3.022649,
986922,Emily,Wong,3.969025,
963149,Thomas,Zuko,0.613475,
905993,Tony,Joestar,2.845482,
963075,Jamie,foster,3.531126,
906744,Molly,Wong,3.141759,
964539,Cathy,Green,3.942599,
905369,Cathy,Wong,3.925238,
990185,Molly,Brown,3.574939,
919265,Jamie,Rose,3.004936,
936784,Molly,Barch,0.793273,
986059,Jen,Wong,0.140644,
928133,Davin,clint,0.035300,
970089,Tony,Barch,2.709313,
965567,Jack,clint,3.842644,
938416,Abby,foster,1.281060,
926418,Chris,Brown,3.662984,
938430,Phil,Wong,3.123700,
957331,Davin,Walter,0.401768,
955399,Roger,Rose,1.778566,
943297,Thomas,Winehouse,0.170239,
995978,Tanner,Rose,1.007041,
969252,Molly,Barch,2.918075,
974578,Jack,foster,3.828817,
952068,Abby,Rose-Wall,1.022460,
987338,Phil,Walter,1.186312,
972422,Jack,clint,0.504674,
931240,Carter,foster,2.960300,
926453,Abby,clint,0.779709,
914628,Molly,Barch,1.797528,
981018,Jamie,Joestar,3.952183,
966613,Carter,foster,2.704928,
981669,Thomas,Rose-Wall,3.959148,
994544,Thomas,Rose,1.780706,
933544,Roger,foster,2.199502,
949594,Tanner,Winehouse,1.959305,
924836,Abby,Walter,0.536678,
995967,Cathy,Wong,1.147273,
902178,Abby,Green,2.284983,
998416,Phil,Barch,1.623223,
993073,Molly,Joestar,1.979851,
920128,Chris,Walter,2.451144,
926112,Chris,Mcarthy,2.611339,
901885,Chris,Walter,1.636523,
911916,Emily,Wong,3.524698,
911944,Thomas,Barch,1.123411,
961848,Cathy,Mcarthy,1.530366,
979069,Chris,Walter,3.369797,
912921,Roger,Mcarthy,3.099804,
935988,Jen,Barch,2.030286,
965779,Jen,Green,1.130129,
977011,Jen,Joestar,2.050404,
905648,Cathy,foster,2.711862,
994068,Chris,Brown,3.877520,
941860,Jamie,Mcarthy,3.541224,
913413,Cathy,Walter,0.763996,
937523,Jack,Rose,3.656212,
912969,Davin,Joestar,3.614199,
973642,Abby,Walter,2.818923,
934880,Carter,Mcarthy,2.178265,
991749,Carter,Joestar,2.252286,
955725,Roger,Joestar,0.902958,
944249,David,Mcarthy,0.787754,
904126,Emily,clint,0.344058,
915351,Davin,Walter,3.411222,
992831,Molly,foster,2.114788,
991507,Jack,Barch,2.334727,
984183,David,foster,0.599787,
924745,Phil,Green,2.499587,
961402,Carter,Zuko,2.252896,
919868,Jen,clint,3.553288,
958223,Tanner,Walter,1.314100,
969564,Emily,Walter,1.086999,
910269,Jack,Brown,1.998424,
956196,David,Joestar,1.453621,
973077,Tony,Joestar,1.701202,
913617,Tanner,Brown,0.090039,
931292,Thomas,clint,3.471548,
927935,David,foster,0.457484,
966878,Emily,Green,3.382085,
983591,Tanner,Wong,1.731587,
978245,David,Rose-Wall,0.845167,
914861,Cathy,Winehouse,0.864070,
982286,Roger,Brown,0.367420,
947976,Jamie,Wong,3.093588,
935391,Phil,clint,1.714731,
914479,Phil,Rose-Wall,3.800418,
913904,Roger,Walter,3.789179,
955887,Abby,Rose-Wall,2.598024,
971730,Jamie,foster,0.310584,
930239,Emily,Winehouse,2.403808,
997264,Chris,Brown,0.658847,
975810,Tanner,Brown,2.022294,
945856,Jamie,clint,2.151922,
950299,Molly,foster,0.568846,
982165,Roger,Walter,0.705268,
949654,Tanner,Walter,3.446690,
964168,Jack,clint,3.171803,
967707,Jack,foster,3.768735,
938441,Cathy,clint,3.639849,
972990,Davin,Walter,2.389052,
903536,Abby,Winehouse,3.948947,
927293,Thomas,Rose,0.062085,
900679,Jack,Winehouse,3.689190,
949987,Tanner,Wong,2.832104,
937979,Thomas,Brown,2.677249,
928534,David,Walter,0.280024,
984872,Phil,Rose,1.036959,
968503,Abby,Rose,3.264638,
987407,Tanner,Green,0.844692,
955142,Roger,Rose-Wall,1.653453,
964398,Jack,Walter,1.283548,
968480,Thomas,Barch,2.402154,
999121,Tony,Zuko,3.140120,
902006,Molly,Brown,0.742134,
925011,Roger,foster,3.707256,
927312,Jamie,Wong,0.843189,
957478,Abby,Green,1.312045,
934595,Roger,Rose,3.240025,
915367,Phil,Wong,0.739412,
928431,Cathy,clint,1.747386,
975625,Emily,Walter,0.188144,
987667,Davin,Winehouse,2.780653,
926882,Abby,clint,0.247460,
921081,Jamie,Rose-Wall,2.086162,
944301,Carter,Mcarthy,0.773673,
969908,Jack,clint,2.592779,
956263,Molly,Walter,1.845799,
961870,Thomas,Winehouse,3.552881,
971348,Abby,Winehouse,0.877876,
919334,Emily,Wong,1.482998,
949345,Emily,Zuko,1.000805,
937672,Chris,Rose,1.720696,
953085,Jamie,Mcarthy,3.400776,
911189,Roger,clint,1.177886,
996230,Chris,Walter,3.308284,
903455,Jamie,foster,3.605702,
983260,Abby,Brown,3.537509,
924102,Carter,Brown,3.549107,
987182,Emily,Green,0.765890,
930190,Carter,Zuko,1.631929,
921789,David,clint,3.095820,
976683,Emily,Barch,1.555534,
934302,Phil,foster,0.401064,
994014,Jamie,clint,3.314225,
974493,Thomas,Mcarthy,0.690989,
977964,Thomas,Barch,2.728912,
999367,Davin,Green,0.256108,
917596,Tony,Brown,0.266559,
905226,Carter,Zuko,0.786605,
973132,Tony,Wong,1.208179,
969118,David,Winehouse,0.318935,
959339,Carter,Rose,1.040309,
966182,Abby,Barch,0.767174,
940464,Roger,Winehouse,3.112984,
904291,Jen,Green,1.833410,
911546,Jamie,Winehouse,1.404757,
949634,Jack,Zuko,3.293048,
901238,Tanner,Walter,0.028284,
987494,David,Joestar,2.760402,
951233,Cathy,Joestar,0.378196,
922480,Davin,Green,1.905346,
966224,Molly,Rose,3.483069,
996433,Abby,Rose,2.698654,
931027,Cathy,Zuko,3.413049,
946510,Tanner,Rose,0.411856,
903960,Roger,Wong,3.807986,
985576,Phil,Winehouse,1.272264,
916542,Roger,Mcarthy,1.050305,
921365,Thomas,Zuko,0.877792,
981526,Abby,foster,2.781846,
951474,Thomas,Brown,1.032686,
990967,Cathy,clint,1.933936,
921165,Carter,Walter,1.135847,
904209,Thomas,Rose,2.786832,
908938,Molly,Winehouse,0.071217,
911004,Jen,Winehouse,1.740420,
966746,Emily,Zuko,3.283870,
951752,Molly,Walter,2.103442,
938494,Cathy,Rose,2.580890,
975476,Roger,Mcarthy,2.219873,
921737,Phil,Winehouse,3.092792,
983391,Tony,Rose,1.646418,
970007,Molly,Zuko,1.793986,
975225,Thomas,Rose,2.475950,
946267,Phil,clint,2.844100,
917471,Roger,Rose-Wall,2.742288,
908159,Jen,Rose-Wall,0.576746,
926456,Tanner,Walter,0.263216,
997230,Thomas,Rose,2.579074,
944104,Emily,Zuko,2.895643,
942643,Thomas,Winehouse,1.300744,
916878,Emily,foster,0.002631,
917803,Davin,Winehouse,3.819780,
974948,Chris,Joestar,0.575160,
930695,Thomas,Zuko,2.392775,
906283,Tony,Green,1.313758,
934762,Chris,foster,0.349295,
956253,Emily,Winehouse,3.027122,
944141,Carter,Mcarthy,2.308837,
935311,Chris,clint,3.100332,
926694,Carter,Wong,3.984314,
939906,Thomas,Mcarthy,2.815684,
999056,Tony,Joestar,0.877410,
968259,Jack,Mcarthy,2.273120,
993649,Roger,Green,2.297090,
926823,Molly,Zuko,0.088231,
998296,Phil,Walter,1.083078,
976559,Jamie,Brown,1.372272,
952165,Emily,Wong,3.718634,
959022,David,Brown,0.280551,
953738,Jamie,Zuko,0.170777,
908546,Chris,Winehouse,3.466965,
902969,Emily,Rose-Wall,0.147727,
963925,Cathy,Rose,3.155939,
953361,Davin,foster,3.994929,
905695,Phil,Green,0.300394,
900978,Jack,Joestar,3.361099,
916572,Tony,Rose,1.146796,
938070,David,Rose,2.129314,
955631,Tony,Mcarthy,1.246271,
980612,Roger,Rose,2.015759,
987156,Thomas,foster,1.558948,
940865,Tony,foster,3.508704,
955995,Jen,Walter,1.180306,
947301,Davin,Rose-Wall,2.079069,
909922,Cathy,Joestar,0.574587,
919129,Tanner,foster,1.521544,
930158,Cathy,Rose,2.733366,
959896,Jen,Zuko,0.459168,
965940,David,Green,2.724309,
908658,Cathy,Brown,0.207440,
958274,Jamie,Brown,1.427871,
927396,Thomas,foster,3.079446,
988225,Roger,Walter,2.889601,
947872,Phil,Wong,1.541638,
976492,Roger,Zuko,1.094919,
922774,Thomas,Zuko,3.756152,
944259,Tony,Rose,2.348406,
929767,Emily,foster,2.865891,
970916,Jen,Wong,3.302951,
978520,Jack,Brown,2.865685,
915174,David,clint,1.007941,
901513,Davin,Rose,1.001225,
969966,Abby,Mcarthy,0.399921,
914791,Tony,Brown,2.034377,
979492,Cathy,Green,0.040278,
993917,Emily,foster,2.714081,
962027,Molly,Barch,0.246052,
995164,Jack,Green,1.815030,
932034,Phil,Joestar,3.857684,
991021,Emily,Mcarthy,2.600916,
975726,Chris,foster,0.697280,
963049,Davin,Mcarthy,0.469163,
942290,Thomas,Winehouse,0.558011,
968314,Roger,Brown,3.592205,
991508,Phil,clint,2.026193,
910989,Davin,Wong,3.944671,
948000,David,Green,3.996640,
905745,David,Barch,2.565536,
979377,Jamie,foster,3.010215,
933390,Abby,Mcarthy,1.948115,
923625,Jack,clint,3.435416,
989277,Abby,Rose,1.561682,
921302,David,Green,0.936760,
979910,Jack,Green,1.500422,
959569,Jack,Walter,1.360552,
917813,Chris,clint,0.690681,
951312,Tony,Mcarthy,3.545656,
930735,Roger,Mcarthy,2.163141,
959237,Tanner,Rose-Wall,2.842454,
973622,Roger,Walter,3.279796,
953487,Davin,foster,2.571836,
940821,Jen,Winehouse,0.586046,
955430,Emily,Rose,3.200526,
916140,Emily,clint,2.061671,
986177,Emily,Barch,2.597984,
901923,Jamie,Brown,2.892495,
961583,Chris,Rose,3.559816,
926641,Cathy,Green,2.046279,
938811,Emily,Mcarthy,0.291755,
901820,Cathy,clint,1.418503,
938408,Molly,Mcarthy,0.469829,
908721,David,Zuko,1.300137,
976335,Emily,Barch,3.389403,
907184,Roger,Walter,1.568994,
986172,Jack,clint,0.681256,
949054,Davin,Mcarthy,3.223910,
986085,Tanner,clint,3.848622,
959739,Molly,Brown,0.721107,
969036,David,foster,2.272944,
940418,Roger,Green,0.431413,
949050,Carter,Brown,1.690333,
972051,Tony,Wong,0.798778,
943097,Jack,foster,0.321976,
901970,Roger,Walter,1.921291,
942874,Chris,Mcarthy,0.914724,
954843,Chris,Wong,0.717890,
966653,Tanner,foster,0.470465,
960159,Jack,Rose-Wall,3.372018,
977702,David,Barch,1.372647,
994223,Tanner,Mcarthy,1.726054,
929293,Thomas,foster,3.185542,
904087,Chris,foster,3.416147,
965439,David,Green,1.318810,
963796,Jack,Green,3.444301,
929273,Molly,foster,3.830927,
939874,Phil,Green,2.960724,
904879,Molly,Mcarthy,2.584032,
939406,Jamie,Winehouse,2.414729,
962289,Tanner,Rose-Wall,0.433657,
975174,Jen,Green,3.738398,
984333,David,Rose,2.358044,
973298,Emily,foster,3.732798,
992001,Thomas,Brown,0.261894,
906293,Chris,Walter,2.228065,
954574,Phil,Brown,1.570366,
908032,Tony,Walter,3.296645,
960998,Emily,Rose-Wall,3.655335,
949505,Thomas,Barch,2.600980,
951967,Emily,Mcarthy,0.063406,
948788,Davin,Green,3.260588,
910740,Davin,Zuko,2.764961,
924564,Phil,Barch,1.562149,
976377,Thomas,clint,2.074356,
982612,Cathy,Barch,0.771489,
955902,Abby,Wong,2.889408,
917976,Thomas,Green,1.120796,
961762,Tanner,Barch,3.576945,
992218,Tony,foster,0.762755,
915258,Carter,Winehouse,2.504807,
990653,Tanner,Walter,1.776258,
904329,Cathy,Rose-Wall,2.952807,
991314,Tony,Brown,2.961690,
990224,Tony,Barch,1.299117,
969007,David,Mcarthy,2.148668,
930010,Tanner,Zuko,1.243049,
988106,Davin,Rose-Wall,2.141743,
930102,Jamie,clint,2.101723,
923042,Roger,Brown,2.471196,
999906,Phil,Brown,3.362668,
935555,Jamie,Zuko,3.693522,
912998,Jamie,Brown,2.242405,
968961,Roger,Green,2.533920,
908246,Davin,Mcarthy,3.424555,
973640,Jamie,Rose,1.155028,
926349,Thomas,Walter,0.643321,
974509,Abby,Winehouse,2.165588,
925066,Jen,Winehouse,1.542323,
980017,Carter,clint,0.510115,
920426,David,Rose,3.831939,
907580,Jack,foster,0.442379,
941685,Jen,foster,0.173503,
991521,Chris,Rose-Wall,0.812971,
980454,Phil,Wong,0.556385,
907267,David,foster,2.722741,
922460,Phil,Winehouse,2.481380,
966563,Jen,Green,1.292310,
907666,Roger,Joestar,2.931566,
959423,Jen,Wong,1.860888,
912267,Roger,Brown,3.198107,
978885,Phil,Rose-Wall,1.921882,
934631,Roger,Wong,3.616700,
984822,Emily,Rose-Wall,2.375511,
937790,Emily,Mcarthy,3.149671,
989364,Abby,Joestar,2.119020,
942546,Jamie,clint,1.057676,
937238,Emily,Barch,1.263554,
910277,Cathy,Winehouse,3.158506,
915083,Carter,Walter,0.945156,
973044,Tony,Zuko,0.885501,
934422,Jack,Walter,1.963819,
980778,Chris,Mcarthy,0.784000,
972515,Tony,Zuko,1.549328,
942725,Abby,Walter,2.415488,
917923,Cathy,Brown,3.318492,
934706,David,Rose-Wall,3.143786,
903995,Tony,Rose,3.875025,
970620,Emily,Barch,2.767698,
964643,Phil,Brown,0.283734,
917512,Jack,Walter,0.746477,
939735,Thomas,Rose-Wall,1.818712,
922983,Davin,Mcarthy,0.999145,
967290,Phil,Brown,0.365682,
951677,Jamie,Zuko,2.459895,
922506,Roger,Rose,2.524276,
955537,Roger,Rose,0.260164,
908265,Cathy,Winehouse,1.387248,
975923,Carter,Joestar,1.771980,
924770,Chris,Brown,3.905819,
937998,Davin,Winehouse,1.576641,
935955,Thomas,clint,3.662821,
956047,Tanner,Green,2.021000,
939753,David,Wong,1.235852,
909235,Jamie,Joestar,3.531435,
998209,Jen,Mcarthy,3.394661,
928665,Molly,Zuko,1.419859,
904296,Jamie,Wong,0.973452,
904186,Roger,Rose-Wall,3.756392,
969183,Jamie,Joestar,2.294357,
938342,Davin,Brown,2.062383,
970462,David,Brown,1.150559,
962765,Davin,Joestar,2.298438,
920261,Phil,Winehouse,1.326026,
964363,Emily,clint,1.536184,
979568,David,Rose-Wall,3.026083,
906812,Tony,Rose-Wall,0.903938,
942402,Jamie,Mcarthy,2.083706,
923391,Cathy,Wong,1.076165,
920725,Chris,Walter,2.308674,
912374,Jack,Barch,2.280291,
958576,Thomas,Winehouse,2.796780,
987650,David,Mcarthy,1.118633,
981568,Jen,Barch,3.151754,
963891,Davin,Winehouse,3.832093,
952233,Phil,Brown,3.001381,
939866,Abby,Rose-Wall,0.464892,
967022,Phil,Mcarthy,3.448279,
963595,Jack,Wong,0.428395,
991991,Jen,foster,3.368829,
986707,Cathy,Zuko,2.038150,
947312,Emily,Zuko,0.432706,
942796,Roger,Mcarthy,3.818443,
997299,Tanner,Rose-Wall,1.163901,
925914,Emily,Wong,2.368365,
919394,Cathy,Rose-Wall,0.088691,
989765,Phil,Rose-Wall,0.183516,
975999,Thomas,clint,0.080083,
911419,Chris,foster,1.994403,
900637,Cathy,Rose,0.648827,
963804,Thomas,Zuko,2.935112,
943290,Phil,Brown,2.308166,
965913,Jen,Rose-Wall,1.981629,
936665,Jen,clint,1.891843,
903977,Abby,Joestar,1.674299,
958662,Tony,clint,3.698823,
936736,Thomas,Rose,3.449484,
955997,Jack,Rose,0.300987,
966495,Davin,foster,2.496676,
996221,Abby,clint,0.922791,
905290,Tony,Brown,2.102497,
976373,Cathy,Joestar,1.937027,
989209,Tony,Walter,0.352727,
955862,Jen,Rose,2.877272,
974793,David,Rose-Wall,3.028918,
960210,Chris,foster,0.297488,
985797,David,Rose,0.816379,
927822,Jack,Walter,1.743976,
968048,Molly,Wong,2.276488,
930014,Phil,Barch,2.527266,
996452,Thomas,Green,3.393470,
903614,David,Zuko,1.293169,
958034,Jamie,Walter,3.895785,
988667,Carter,Joestar,0.387788,
962075,Chris,Rose-Wall,3.997242,
995163,David,Wong,1.784859,
914802,Abby,Joestar,1.599305,
921419,Roger,Winehouse,0.399452,
936301,Phil,Brown,2.455811,
962773,Davin,Rose,0.832148,
958722,Roger,Joestar,1.423066,
917812,Jen,Green,1.225643,
922105,Cathy,Mcarthy,3.147548,
979851,Abby,Rose,3.800849,
922211,Molly,Brown,1.932570,
915113,David,clint,1.813735,
978121,Molly,Brown,1.636467,
967699,Jamie,Winehouse,0.228677,
982331,Phil,Walter,1.774908,
935505,Cathy,Rose-Wall,3.288607,
918343,Tanner,Mcarthy,1.348312,
900786,Tanner,Rose-Wall,2.656030,
945195,Jamie,Joestar,1.019561,
902016,Jen,foster,1.768141,
954498,David,Zuko,1.999347,
942051,David,Brown,0.923738,
923200,Tanner,Rose,2.362787,
985120,Carter,Brown,2.441252,
906187,Carter,Wong,1.770738,
960228,Carter,clint,1.938663,
954848,David,clint,1.097239,
901202,Abby,Wong,1.531695,
915989,Jack,Winehouse,3.733080,
911265,Emily,Rose-Wall,1.954350,
964361,Davin,Brown,1.170304,
925390,David,Barch,0.309699,
987638,Carter,Joestar,1.231995,
956151,Jack,Mcarthy,0.592741,
990998,Abby,foster,2.670751,
961474,Roger,Brown,1.951241,
927213,Roger,Rose-Wall,3.346165,
991321,David,Wong,2.201320,
957058,Cathy,Wong,3.019975,
965377,Thomas,Rose,3.802520,
928523,Jack,Joestar,1.980613,
965957,Cathy,clint,3.462821,
991684,Jack,Wong,0.193877,
989717,Thomas,Winehouse,2.618988,
954020,Carter,Rose,1.841988,
995505,Chris,Green,3.869576,
971576,Emily,Wong,0.731262,
985603,Tony,Brown,0.432992,
909993,Jack,Barch,0.813790,
967941,Jack,Zuko,1.768128,
987581,Emily,Barch,0.716011,
993847,David,Rose,0.030144,
948718,Chris,Barch,0.736800,
923329,Chris,Green,1.354237,
933584,Phil,foster,2.728050,
901229,Davin,Zuko,0.436601,
910424,Jack,Barch,1.749609,
977236,Emily,foster,2.329663,
991526,Chris,Barch,1.838202,
963606,Emily,Rose,3.720462,
942727,Tanner,Joestar,3.707773,
945858,Jen,Green,2.949127,
949461,Phil,Winehouse,1.043507,
903062,Jen,Wong,3.239477,
946809,Tony,Mcarthy,2.233011,
938468,Jack,Mcarthy,1.412225,
960413,David,clint,0.356227,
998144,Phil,Mcarthy,3.905711,
945660,Phil,Mcarthy,0.125442,
980648,Chris,Wong,2.854280,
993711,Chris,Wong,0.402133,
928355,Emily,Winehouse,2.438040,
953244,Jen,Brown,0.651223,
984980,Cathy,Wong,0.382536,
943822,Jamie,Barch,0.152820,
939292,Davin,Rose,1.718800,
966376,David,Winehouse,3.503998,
979760,Jack,Wong,2.695510,
980017,Molly,Mcarthy,2.655127,
915673,Jack,Wong,3.309075,
953496,Jack,Green,1.503311,
914574,Thomas,Rose-Wall,2.074609,
967467,Tony,Joestar,2.337910,
928417,Cathy,foster,2.050901,
990281,Emily,Rose-Wall,3.657271,
970748,Jamie,Barch,3.673384,
975526,Chris,Wong,1.271401,
973810,Thomas,Green,1.956841,
911880,Jen,Winehouse,0.120658,
945060,Abby,Joestar,0.111395,
914208,Roger,clint,3.750870,
927898,David,Brown,0.451282,
956714,Abby,Brown,1.936581,
933596,Chris,Walter,0.442173,
966944,Carter,Joestar,1.683765,
964603,Tony,Rose-Wall,1.104051,
914000,Roger,Mcarthy,2.529394,
965902,Abby,Rose-Wall,3.758666,
968415,Jack,Winehouse,3.608934,
976560,David,Barch,2.001348,
911398,David,Zuko,3.348921,
940808,Phil,Zuko,0.601321,
988416,Chris,Rose-Wall,3.591151,
988494,Roger,clint,1.734034,
940157,Emily,Winehouse,0.319153,
903570,Jen,Zuko,0.640335,
934720,David,Barch,1.301724,
936341,Thomas,Joestar,3.028934,
983113,Jack,Winehouse,0.656887,
935899,Jen,Walter,1.370334,
943423,Chris,Zuko,3.890368,
951160,Chris,foster,2.383260,
922370,Roger,Zuko,1.190730,
984432,Emily,Mcarthy,3.367709,
928552,Chris,Walter,3.651239,
971012,Roger,foster,3.460031,
923654,Jen,Brown,0.855949,
999758,Phil,Rose-Wall,2.063461,
925898,Emily,Green,0.293123,
956601,Jack,foster,0.655773,
981391,Emily,Zuko,1.696193,
955183,Emily,Brown,1.581532,
997550,Thomas,Zuko,1.334314,
912618,Phil,Brown,0.003713,
905115,David,Brown,3.149705,
955668,Molly,Barch,0.185591,
904383,Cathy,Winehouse,2.290726,
953742,Carter,Rose-Wall,0.434703,
901384,Tony,Zuko,0.390788,
910585,Chris,Wong,3.847063,
974114,Jamie,Rose-Wall,0.113971,
951643,Chris,Barch,3.911796,
978038,Carter,Rose-Wall,0.131486,
922594,Carter,Winehouse,0.827723,
983936,David,Mcarthy,1.465661,
907496,Jack,Brown,1.901210,
964163,Phil,Green,3.809003,
995015,Roger,Brown,3.549653,
928586,Jamie,Brown,0.788863,
935920,Davin,Barch,2.403415,
911034,Emily,Wong,3.551292,
982830,Jack,Green,0.099179,
929144,Emily,Walter,0.711177,
922338,Jamie,Zuko,1.995923,
915501,Thomas,Barch,0.340195,
951618,Chris,Rose,2.057299,
968941,Phil,Green,3.045008,
928469,Jen,Green,1.358266,
977429,Emily,Joestar,3.559932,
939661,Tanner,foster,3.890862,
925523,David,Brown,3.404352,
931369,Emily,Green,1.370972,
957182,David,Joestar,0.423876,
901815,Chris,Mcarthy,0.426934,
905648,Abby,Zuko,0.556161,
957944,Emily,Green,3.353638,
917887,Jen,Mcarthy,1.528354,
914497,Carter,Rose,0.903449,
938194,Tanner,Rose-Wall,0.712667,
905766,Molly,Walter,1.257599,
919730,Jack,Barch,3.371937,
953912,Jamie,Rose-Wall,3.570759,
956840,Tony,Wong,3.973915,
930467,Phil,Green,0.679976,
919831,Jack,Joestar,2.516923,
968738,Jamie,Rose-Wall,1.250394,
996277,Tony,Winehouse,1.359357,
956493,Davin,Walter,0.428074,
931133,Emily,Walter,2.618312,
994411,Jamie,Mcarthy,3.412385,
976024,Davin,Wong,3.134048,
911213,Emily,Rose-Wall,0.018099,
920940,Emily,clint,0.710627,
916783,David,Brown,2.115903,
957975,Abby,Walter,1.392164,
905773,Thomas,Walter,3.621069,
914817,Molly,Walter,1.094828,
985236,Molly,Zuko,2.363828,
923713,Roger,Barch,2.953834,
927422,Emily,Brown,1.278337,
982155,Abby,Mcarthy,2.396148,
911488,Abby,clint,2.529908,
944323,Davin,Winehouse,0.910246,
914381,David,Mcarthy,0.875182,
968734,Molly,Brown,1.142993,
960315,Abby,Wong,0.820603,
948821,Abby,clint,0.172543,
997876,Jack,Joestar,1.103294,
922154,Chris,Rose-Wall,2.093876,
910344,Phil,Brown,3.645518,
928026,Abby,Joestar,0.235286,
979243,Tony,Joestar,3.984472,
940054,Jen,foster,1.573033,
921150,Thomas,Green,2.996727,
980400,Carter,Mcarthy,0.925240,
997234,Jack,Wong,1.798065,
969614,Emily,foster,1.600224,
964094,David,Green,3.898125,
922526,Jack,Wong,0.805178,
916698,Emily,Zuko,0.139859,
995532,Roger,Zuko,0.848793,
978976,Emily,Zuko,1.597693,
947306,Jack,Rose,2.610582,
983382,Cathy,Winehouse,3.929874,
903523,Thomas,Winehouse,0.216553,
937490,Jen,Walter,1.245016,
992092,Jack,Rose,3.960121,
997690,Tanner,Wong,1.271644,
967239,Cathy,clint,1.268584,
939310,Tanner,clint,2.356070,
911182,Carter,Joestar,3.835742,
962602,David,Zuko,2.496671,
957356,Molly,Rose,1.484285,
968754,Cathy,clint,2.006472,
940252,Jen,Rose,0.019641,
994316,David,Green,1.998244,
979411,Tony,Brown,1.638866,
983852,Chris,Winehouse,1.006356,
908752,Carter,Barch,2.920939,
927510,Molly,foster,0.583167,
907454,Molly,Barch,1.831774,
901021,Molly,Winehouse,3.186021,
999301,Jack,Rose-Wall,2.967179,
917499,Abby,Rose-Wall,2.901376,
904533,Roger,Mcarthy,1.549775,
904842,Tanner,Rose,2.882609,
915407,Jen,Rose-Wall,3.702474,
960238,Abby,Barch,2.696465,
932925,Jamie,Barch,1.211710,
994141,Tanner,Rose,2.118135,
965145,Carter,Wong,0.347240,
987840,Abby,Joestar,3.194495,
959947,Cathy,Walter,3.449362,
976986,Phil,Wong,0.364014,
910786,David,Mcarthy,1.088227,
992828,Chris,Green,1.541162,
912963,Davin,Green,0.265200,
906067,Molly,Rose,1.979399,
987440,Abby,Wong,1.707420,
962315,Emily,Rose-Wall,0.770660,
914830,Tanner,Joestar,2.870152,
992427,Molly,Rose-Wall,3.944853,
986757,Abby,Rose,3.203842,
925807,Roger,Rose,0.682731,
998865,Jamie,Mcarthy,1.914872,
932678,Tony,Green,1.424326,
985313,Davin,Brown,2.295249,
932164,Cathy,Winehouse,1.499555,
911838,David,Green,0.537666,
979344,Emily,Barch,0.149413,
945812,Jack,Wong,0.412835,
901605,Abby,Rose-Wall,1.132814,
907379,Roger,Mcarthy,0.357339,
965259,Jack,Winehouse,2.286969,
947950,Carter,Winehouse,0.192787,
977592,Emily,Barch,2.976560,
934121,Roger,Walter,3.677606,
959006,Emily,Rose,2.906503,
956422,Chris,Mcarthy,1.144999,
995942,Jamie,foster,3.554563,
944657,Thomas,Winehouse,3.627413,
957637,Jack,foster,2.246439,
990831,Abby,Zuko,3.321353,
973544,David,Mcarthy,0.660333,
908428,Tanner,Wong,3.341998,
990215,Roger,Walter,1.763656,
939684,Molly,foster,2.783090,
979429,Jack,Barch,1.533798,
912863,Jamie,foster,1.498201,
977067,Tony,Barch,3.121306,
986305,Carter,Wong,2.792932,
972247,Abby,Winehouse,3.442803,
910610,Roger,Mcarthy,3.482682,
988483,Molly,Brown,0.441212,
964952,Davin,Walter,1.150812,
946540,Roger,Green,3.360027,
938708,Molly,Barch,0.803471,
908349,David,Wong,3.861111,
965255,Molly,Brown,3.110894,
926556,Cathy,Rose,0.941990,
937131,Cathy,Mcarthy,0.983551,
939534,Molly,Walter,2.694941,
999438,Jamie,clint,2.892204,
932246,Molly,clint,2.927546,
907059,Thomas,Rose,0.711718,
972865,Jen,foster,0.413398,
921590,Roger,Mcarthy,1.529326,
977898,Molly,Walter,3.278384,
950936,Davin,Barch,1.745669,
935832,Abby,clint,2.605473,
922658,Jack,Rose-Wall,2.570235,
904960,Abby,foster,0.041042,
971136,Molly,foster,1.033581,
938796,Carter,Wong,2.191084,
915048,Thomas,Rose,1.254940,
930902,Tony,Mcarthy,2.225047,
923409,Chris,foster,0.132330,
908965,Roger,clint,2.777029,
969780,Jack,Wong,2.775113,
970943,Cathy,Rose-Wall,0.123584,
927182,Thomas,Barch,1.542886,
971262,Chris,clint,0.409377,
941299,Phil,foster,0.157135,
997965,Thomas,Winehouse,0.285929,
944881,Abby,Barch,0.735811,
998239,Cathy,Barch,3.268664,
952252,Carter,Winehouse,0.129152,
963870,Davin,Rose-Wall,0.845046,
995424,Davin,foster,1.032713,
979289,Jen,Barch,2.408445,
910260,Molly,Walter,2.243007,
947145,David,Rose,1.054782,
964109,Cathy,Mcarthy,0.331441,
916246,Thomas,Brown,0.718661,
911350,Thomas,Winehouse,3.066673,
942284,Carter,Wong,1.545257,
959013,Cathy,Rose-Wall,2.400711,
919219,Tony,foster,2.811063,
992422,Davin,Wong,0.802113,
928446,Chris,Rose-Wall,0.275713,
907499,Abby,Winehouse,0.068475,
937063,Thomas,Zuko,3.615169,
995999,Emily,Wong,2.701348,
915232,Emily,clint,0.954223,
976828,Thomas,Winehouse,0.613265,
914915,Jen,Rose-Wall,3.744038,
911307,Chris,clint,1.900538,
950854,Thomas,Brown,1.168039,
938793,Jamie,clint,3.963889,
917921,Emily,Zuko,3.286515,
920874,Jack,foster,1.873359,
938198,David,foster,2.598014,
921889,Chris,Winehouse,2.714635,
985366,Thomas,Green,0.962458,
983780,Roger,Green,0.200017,
901598,David,Zuko,2.385935,
970841,Phil,Rose,1.154351,
932870,Tanner,Green,2.903436,
944228,Thomas,Green,1.442200,
946108,Davin,Winehouse,1.945288,
905263,Jack,Zuko,2.913728,
968181,Jen,Rose,1.844711,
926663,Jen,Green,2.269455,
931853,Roger,Joestar,3.359512,
916490,Roger,Joestar,0.197307,
948268,Tony,foster,2.693884,
952289,Davin,Walter,1.643140,
916757,Emily,Brown,0.761936,
913021,Emily,Brown,2.498572,
935555,Jen,Wong,0.299051,
991550,Cathy,Walter,0.015118,
935402,Tanner,Mcarthy,1.065959,
910862,Davin,Rose-Wall,3.780962,
994414,Carter,Barch,3.764563,
949775,David,clint,0.705684,
960039,Roger,Joestar,1.948900,
923864,Abby,Joestar,0.454339,
992528,Tanner,Rose,3.477086,
937077,Jen,Mcarthy,3.449412,
958508,Tanner,Barch,3.187380,
982830,Chris,Wong,3.679411,
969038,David,clint,0.556127,
962619,Jamie,Green,2.680251,
958392,Thomas,Winehouse,2.332622,
915600,Phil,Rose,1.326684,
939332,Jamie,Green,0.495001,
952768,Abby,foster,3.030152,
931975,Abby,Zuko,1.153182,
995472,Emily,clint,2.154603,
982346,Jen,Rose-Wall,1.641866,
908000,Davin,Wong,3.460709,
920315,Cathy,Rose,2.554328,
922000,Emily,Joestar,2.730740,
917051,Davin,Mcarthy,2.613361,
979415,Thomas,Winehouse,2.409690,
991053,Chris,clint,0.933904,
932458,Carter,Wong,2.936920,
953410,Tony,Rose-Wall,2.641340,
942835,Jen,Walter,0.054176,
965735,David,Barch,0.314163,
964632,Tanner,foster,2.942033,
949375,Phil,Wong,0.360751,
905784,Jamie,Zuko,1.389922,
996025,Roger,foster,0.415903,
944700,Emily,Brown,1.602200,
941817,Jack,Joestar,3.997569,
978945,Jack,Joestar,1.057493,
904086,Thomas,Rose,3.207184,
907984,Emily,Rose,0.834120,
943224,Roger,Brown,2.993446,
938838,Emily,foster,3.144004,
998104,Jamie,foster,0.502922,
901975,Tony,Barch,1.107530,
966077,Carter,Brown,2.754391,
962221,Jamie,Green,2.791935,
929451,Tanner,Winehouse,2.953207,
980099,Phil,Barch,0.474088,
919365,Abby,clint,3.872684,
975712,Emily,Green,0.192573,
900644,Thomas,Joestar,0.131046,
910831,Davin,Wong,3.758280,
903410,David,Barch,3.968835,
989475,Phil,Barch,3.996977,
925463,Emily,Rose,3.803596,
909694,Jack,Zuko,3.539683,
991077,Cathy,Wong,0.160895,
910626,Emily,Zuko,2.216307,
907079,Cathy,Brown,1.624599,
993427,Tanner,Barch,0.522876,
909176,Abby,clint,2.083369,
933009,Phil,Mcarthy,3.213135,
986542,Abby,foster,0.035780,
956321,Phil,Wong,3.770515,
902782,Thomas,Brown,3.539433,
969298,Emily,Mcarthy,1.567825,
980976,Jen,Rose-Wall,2.884335,
996743,Tanner,Brown,0.964208,
923247,Molly,Wong,2.116703,
995455,Jen,Rose,2.687715,
992634,Abby,Brown,1.690013,
944861,Thomas,Wong,1.674510,
949884,Chris,Joestar,3.060001,
938768,Cathy,Mcarthy,3.905784,
932448,Jamie,Walter,1.963141,
989391,Jamie,clint,1.430521,
987387,Phil,Zuko,1.502021,
955449,Phil,foster,1.665934,
997714,Tony,clint,1.644459,
962798,Phil,Rose-Wall,2.844761,
914584,Jack,clint,0.917221,
967195,Roger,foster,3.958026,
929029,Phil,Brown,0.902608,
964892,Davin,Walter,2.077042,
925147,Roger,Brown,0.661499,
938137,Jamie,Joestar,1.961427,
916053,Tanner,clint,0.807868,
923304,Davin,clint,2.827272,
941017,Tanner,Wong,2.860994,
965806,Davin,Mcarthy,0.861423,
909636,Jamie,Barch,2.782350,
940181,Abby,Joestar,0.522971,
997414,Molly,Joestar,2.376929,
928952,Davin,Winehouse,1.873442,
943709,Jamie,Mcarthy,0.336680,
982449,Molly,Mcarthy,0.019649,
913566,Davin,Barch,3.584221,
971839,Tony,Barch,0.941049,
914803,Jen,Zuko,2.442410,
958511,Thomas,Walter,3.967176,
940452,Cathy,Barch,2.231800,
987112,Jamie,Joestar,3.665014,
956674,Emily,foster,3.107485,
964298,Abby,Green,1.547629,
962317,Jen,Barch,2.018271,
957151,Carter,Rose,1.733347,
952554,Molly,Winehouse,0.468300,
918260,Davin,Zuko,3.556304,
969705,Carter,Joestar,0.905092,
999861,David,Walter,1.919595,
920911,Jamie,clint,0.044803,
971834,Phil,Wong,2.725422,
979217,David,Walter,0.314362,
953670,Tanner,foster,1.184319,
900006,Molly,Walter,3.620305,
998886,Davin,Green,3.688323,
983986,Emily,foster,1.568181,
995472,Tanner,Mcarthy,3.157716,
933969,Davin,foster,2.733020,
990706,Tanner,Wong,1.234913,
925299,Tanner,Rose,2.429952,
910632,Molly,Joestar,1.014388,
931430,Thomas,foster,2.539383,
948505,Cathy,clint,2.292839,
950290,Abby,Brown,1.072705,
903845,Roger,Winehouse,1.915304,
948082,Abby,foster,2.538762,
952297,Carter,Zuko,2.599424,
928467,Cathy,clint,0.041198,
974531,David,Walter,0.394281,
912120,Jamie,Rose,0.998794,
989860,Abby,Rose,2.985815,
993932,Jen,clint,3.349581,
914852,Roger,Brown,0.672025,
970623,Thomas,Barch,0.842636,
985596,Davin,clint,1.521009,
921503,Molly,Green,0.833400,
993163,Davin,clint,2.258815,
966115,Cathy,Zuko,0.242750,
972773,Thomas,Rose-Wall,2.184871,
994496,Chris,Rose-Wall,1.151453,
944374,Carter,Winehouse,1.830213,
966563,Molly,Walter,1.922850,
928922,Jamie,Joestar,3.067810,
946449,Phil,Rose,0.013247,
915769,Davin,Green,0.858574,
972065,Thomas,Joestar,1.386709,
917494,David,Joestar,1.088574,
968651,Davin,foster,3.787962,
960279,Tanner,Barch,1.352019,
993699,Emily,Zuko,1.487065,
980285,Roger,Rose-Wall,2.497513,
904810,David,Rose-Wall,3.088603,
953781,Phil,Mcarthy,1.641539,
928776,Davin,Joestar,1.083770,
991175,Phil,Joestar,3.481958,
954473,Phil,Joestar,2.451689,
988912,Davin,Rose-Wall,1.216374,
950802,Chris,Rose,2.565354,
960686,Molly,Barch,2.870754,
989436,Roger,Green,3.441413,
904998,Cathy,Winehouse,2.650180,
993256,Thomas,Zuko,3.890456,
999229,Carter,foster,1.420838,
997318,Roger,Green,0.450954,
927267,Jack,Zuko,3.763611,
916520,Davin,Zuko,2.769301,
979643,Tanner,Brown,0.887809,
930990,David,Joestar,0.685208,
902823,Roger,clint,2.539799,
912964,David,Joestar,3.537760,
908904,Tanner,Rose-Wall,3.447405,
963387,Carter,Winehouse,2.786479,
958643,Abby,foster,0.031613,
981439,Phil,Mcarthy,1.359100,
910142,Davin,Joestar,1.544155,
994794,David,Rose-Wall,1.297890,
974102,Roger,Barch,0.841613,
902197,Thomas,Joestar,1.667637,
995933,Thomas,Zuko,2.002282,
908988,David,Rose,0.893118,
994128,Cathy,Rose,3.879270,
905609,Thomas,Rose-Wall,0.621531,
967684,Abby,Zuko,2.873408,
932848,Molly,Winehouse,0.927950,
983741,Thomas,Joestar,2.757568,
996502,Thomas,Zuko,2.390875,
957115,Phil,Zuko,0.561160,
916225,Cathy,Rose,3.226411,
971066,Jen,Rose,1.710074,
947359,Roger,Brown,0.861621,
921568,Roger,foster,3.975675,
946782,Tanner,Brown,3.838585,
985034,Abby,Mcarthy,2.463215,
922293,Roger,Zuko,2.227801,
968140,Jamie,Rose,0.910914,
941819,Jack,Mcarthy,1.901432,
994289,Abby,Rose-Wall,2.622615,
995234,Molly,Zuko,3.198368,
978673,Tanner,Green,1.968131,
960809,Jen,Rose-Wall,1.733602,
990065,Thomas,foster,1.757286,
946441,Cathy,foster,2.280951,
912264,Davin,Rose-Wall,3.123056,
958909,Carter,Rose-Wall,1.332613,
979850,Jack,Brown,1.605348,
980483,Chris,Mcarthy,2.873856,
980071,Thomas,clint,0.043544,
957665,Roger,clint,1.516407,
994648,Jamie,foster,2.261056,
919164,Jen,clint,0.329821,
943080,Jack,Brown,1.202857,
937838,Molly,clint,3.375159,
915621,Jack,Rose,1.961585,
943086,Jack,Walter,2.194427,
992429,Jamie,Wong,3.967178,
905369,Cathy,Rose,2.247879,
998385,Tony,Rose-Wall,1.929141,
955064,Chris,Barch,3.561982,
967011,Molly,Wong,3.891311,
935288,Jamie,Walter,0.670352,
968272,Tony,Walter,3.594638,
913845,Chris,Wong,1.669105,
971925,David,Zuko,2.013137,
981839,Abby,Zuko,1.594672,
919779,Chris,clint,0.588524,
925192,Abby,Winehouse,1.479829,
937778,Thomas,Walter,1.970648,
904237,Carter,Rose-Wall,0.411869,
944428,Tanner,Green,1.226106,
909344,Carter,clint,1.001664,
974405,Abby,Joestar,1.339521,
984024,Carter,Winehouse,2.089168,
901945,Molly,Wong,2.786624,
909830,Emily,Joestar,0.391671,
922498,Phil,Wong,3.474613,
947443,Emily,clint,2.848914,
967582,Thomas,Walter,3.087071,
906835,Carter,Rose,3.986946,
970920,Thomas,Green,3.799735,
931427,Chris,Brown,0.478966,
916426,Carter,Barch,1.922683,
932954,Carter,Green,0.818036,
972542,David,Wong,2.532360,
912117,David,Green,2.185167,
912690,Jen,Brown,2.705975,
946790,Tony,Mcarthy,1.460805,
939763,Tanner,Walter,3.631170,
935766,Jen,Brown,2.046988,
934891,Thomas,Green,1.673667,
913152,Phil,Rose-Wall,0.610501,
922038,Emily,Barch,0.468589,
984414,Roger,Mcarthy,2.718879,
951073,Carter,Wong,1.041127,
956045,Roger,Rose,3.829522,
948438,Jen,Rose-Wall,2.549602,
961302,Jack,Barch,3.080216,
969210,Jack,Brown,3.839787,
969042,Carter,Zuko,2.393003,
900129,Carter,Winehouse,3.386542,
985809,Carter,Brown,2.421569,
935955,Jamie,Mcarthy,3.712910,
920695,Roger,Joestar,3.562209,
958915,Jen,Barch,1.013807,
958305,Jen,Winehouse,3.909251,
984804,Chris,clint,1.651780,
997751,Molly,Wong,3.893391,
964891,Tanner,Mcarthy,1.057514,
904570,Abby,Joestar,1.214790,
955035,Jack,Zuko,3.818920,
964909,Tanner,Zuko,2.730804,
994053,Jack,clint,3.122941,
972430,Molly,Winehouse,2.393590,
909770,Jamie,Wong,3.806699,
988365,Thomas,Brown,3.404269,
980143,Cathy,Barch,1.772791,
920955,Jack,Wong,3.803325,
945519,David,Walter,1.337451,
999749,Thomas,clint,1.037645,
998853,Cathy,Brown,3.993618,
942578,Davin,Barch,2.077259,
979197,Jen,Rose-Wall,0.395126,
913403,David,clint,0.552493,
927476,David,foster,0.425996,
945356,Jen,Rose,3.349978,
970464,Carter,clint,1.008821,
936130,Carter,Zuko,2.413999,
903222,Jen,foster,0.618119,
996967,Jack,Joestar,3.517008,
997245,Jamie,foster,0.104804,
931195,Cathy,Joestar,3.240960,
903300,Jack,clint,3.095430,
935032,Molly,Brown,2.090542,
908141,Emily,foster,1.226931,
970339,Thomas,clint,2.441446,
937557,Thomas,Barch,0.716000,
999741,Davin,Joestar,3.121420,
949172,Carter,clint,1.999626,
955024,Phil,Rose-Wall,2.600858,
959241,Emily,Rose,1.317450,
987872,Tanner,clint,2.754399,
977680,Chris,Walter,3.484002,
984414,Cathy,Green,2.999922,
933303,Jamie,Winehouse,0.840868,
992294,Jack,Barch,3.744149,
980750,Emily,Barch,2.172719,
986787,Tony,Zuko,1.352215,
906843,Chris,foster,3.570267,
951462,Davin,Rose,3.172114,
937274,Abby,Brown,2.411578,
975154,Abby,foster,3.375428,
917171,Carter,Mcarthy,2.129423,
990426,Thomas,Zuko,3.849125,
974270,Tony,Walter,1.717541,
974327,Emily,Wong,3.767195,
938961,Molly,Rose-Wall,3.060940,
979279,Davin,Walter,1.454707,
979008,Jen,Walter,0.533615,
972178,Jen,Zuko,3.336591,
985199,Thomas,Wong,1.487554,
955163,Emily,Joestar,1.797215,
994406,Phil,clint,0.200171,
976835,Chris,Zuko,3.780667,
906152,Abby,Brown,2.394399,
931171,David,Winehouse,2.412178,
907998,Cathy,Walter,1.793487,
928812,Jen,Rose-Wall,2.411760,
937595,Tony,clint,3.765932,
906441,Cathy,clint,2.120978,
940543,Jack,Barch,3.054640,
927723,David,Brown,1.103858,
962782,Thomas,Zuko,2.388866,
959954,Cathy,Wong,0.522926,
985230,Tanner,Rose,2.040323,
945725,Emily,Wong,2.312499,
957057,Davin,foster,2.245511,
900037,Jack,foster,3.178526,
923966,Thomas,foster,0.824826,
909008,Emily,clint,2.975148,
909577,Emily,Walter,2.066785,
988024,Chris,Joestar,3.572590,
941841,Cathy,foster,1.119667,
917892,Cathy,Rose,1.120545,
917478,David,Walter,1.290270,
986395,Molly,Rose,0.338842,
991979,Cathy,Barch,3.396235,
979748,Abby,Zuko,3.252254,
968808,Tony,Joestar,1.071460,
902341,Davin,foster,2.471957,
955075,Roger,Wong,1.428744,
953515,Roger,Zuko,0.894461,
999820,Carter,Rose-Wall,3.193355,
994674,Jack,Rose-Wall,2.992510,
908704,Cathy,foster,1.898755,
996903,Phil,Brown,3.873391,
928034,Jamie,Green,1.169484,
973361,Cathy,Zuko,1.638617,
959467,Phil,clint,0.374269,
977433,Jen,Mcarthy,1.373907,
960523,Molly,foster,3.796342,
912912,Emily,Brown,1.768608,
924513,Emily,Zuko,2.181834,
988868,Roger,Brown,3.044675,
928592,David,Winehouse,2.695466,
922138,Roger,Walter,2.237755,
972446,Phil,Rose,3.877910,
925958,Cathy,Green,3.251857,
911266,David,Rose-Wall,1.320046,
947212,Emily,Joestar,1.241963,
978905,Tanner,Wong,3.900097,
950949,Emily,Walter,0.297778,
951091,Phil,Wong,0.799526,
991017,Jen,Winehouse,0.183323,
982855,Jack,Mcarthy,0.277471,
971684,Roger,Barch,3.755860,
991398,Jack,Zuko,2.391385,
911250,Davin,clint,2.714561,
980471,David,Rose-Wall,3.329502,
926728,Thomas,Brown,1.602176,
926092,Davin,Mcarthy,3.876423,
982850,Phil,Green,0.427219,
902009,Abby,clint,3.395446,
974863,Jen,Mcarthy,3.233099,
907755,Thomas,foster,0.741097,
920081,Cathy,Green,2.979772,
902154,David,Rose-Wall,3.592456,
921855,David,Wong,3.012696,
974382,Carter,Zuko,3.848766,
900518,Carter,Brown,1.745548,
913332,Chris,Zuko,1.221549,
914573,Jack,Zuko,2.774737,
924738,Molly,Zuko,3.562022,
929014,Jamie,Brown,2.364772,
904113,Roger,Rose,1.096673,
984009,Thomas,Joestar,0.598369,
946422,Phil,Winehouse,0.521739,
914601,Tony,Walter,1.489150,
952784,Cathy,Rose,0.935402,
911551,Jen,Mcarthy,0.176726,
923315,Phil,foster,3.657839,
937920,Phil,foster,0.704644,
911749,Cathy,Zuko,2.192942,
943858,Phil,Green,3.666420,
965271,Tony,Joestar,0.351967,
909635,Davin,Mcarthy,3.593547,
973887,Emily,Walter,1.369635,
985731,Chris,clint,0.596062,
912166,Jack,Brown,2.615556,
976081,Chris,Mcarthy,1.750077,
903374,Tanner,Wong,0.958196,
920725,Molly,Rose,2.504335,
942478,Davin,Walter,3.518409,
954726,Jack,Wong,3.583261,
982025,Tanner,Green,2.354170,
967048,Jen,Walter,2.300635,
987347,Abby,foster,0.744560,
952698,Thomas,Barch,2.460630,
934406,Tanner,Barch,0.036348,
954199,Cathy,Rose,2.344142,
959757,Carter,foster,0.374673,
915796,Roger,clint,3.705887,
932549,Davin,Walter,1.310899,
982364,Thomas,Joestar,3.561541,
965999,Abby,Walter,0.134262,
990198,Cathy,Green,2.156003,
913402,Molly,Zuko,2.839293,
986580,Cathy,Walter,0.185716,
954472,Cathy,Joestar,0.511291,
970581,Phil,Rose,1.860654,
938857,Carter,Mcarthy,0.971882,
985800,Roger,Wong,0.831300,
978914,Tanner,Rose,2.309175,
954698,Jamie,Zuko,2.048695,
908825,Molly,Rose,2.709962,
906254,Carter,Wong,2.383554,
944099,Roger,Brown,3.354911,
938815,Molly,Zuko,2.994465,
962756,Emily,Joestar,2.316280,
960796,Molly,Brown,1.053271,
955160,Thomas,Rose,1.369026,
949963,Phil,Zuko,2.816207,
918243,Abby,clint,3.940851,
969011,Davin,Winehouse,1.462981,
986528,Thomas,Walter,1.758932,
950926,Molly,clint,2.732513,
943714,Tony,Barch,3.119275,
942240,Jamie,Barch,3.759035,
975125,Jamie,Zuko,1.445757,
968566,Phil,Barch,2.265276,
958477,Abby,Mcarthy,0.174335,
915917,Tanner,Rose-Wall,0.710145,
914853,Jen,Mcarthy,0.086452,
975585,Tanner,Wong,3.677487,
929076,Cathy,Wong,0.698391,
957644,Jack,Zuko,2.487777,
986863,Thomas,Rose-Wall,1.797781,
931397,Abby,Mcarthy,1.073692,
958990,Davin,Rose-Wall,3.608483,
916190,Tony,Joestar,3.842456,
961967,Roger,Winehouse,1.789573,
959610,Tony,Winehouse,2.175323,
945305,Jamie,foster,1.800563,
935133,Davin,foster,3.378483,
916555,Tanner,Joestar,2.960298,
933305,Molly,Wong,3.537216,
949718,Tanner,Zuko,2.779541,
930962,Emily,Zuko,1.357845,
974840,Phil,Rose-Wall,3.920523,
955776,Phil,Green,3.075112,
971981,Davin,Joestar,0.747729,
986007,Emily,Winehouse,2.803056,
984982,Roger,Walter,1.027719,
999200,Jamie,Barch,2.474789,
938027,Thomas,Mcarthy,2.987826,
989615,Jen,Zuko,3.102096,
921155,Roger,Joestar,0.811258,
999729,Abby,Winehouse,2.306867,
908174,Jack,Zuko,2.634365,
914186,Jack,Zuko,2.340467,
967335,Chris,Winehouse,1.773484,
957952,Tanner,Mcarthy,3.982494,
943306,Phil,clint,1.471196,
931109,Molly,Rose,3.778879,
911123,Cathy,Brown,2.008187,
935061,Thomas,Walter,0.611331,
993271,Tony,Walter,0.690158,
979536,Tony,Joestar,2.082212,
924499,Roger,Green,0.890826,
908388,Phil,Green,3.279544,
956215,Jack,Walter,3.116436,
971203,Phil,Brown,2.141838,
990028,Tanner,Zuko,3.709304,
941138,Molly,Rose-Wall,1.676727,
940478,Carter,Zuko,1.104168,
957579,Chris,Rose,1.862170,
984308,Abby,Brown,1.092765,
945913,Tanner,Wong,0.988022,
948867,Phil,Mcarthy,2.334517,
995039,Roger,Zuko,0.595223,
931834,David,Mcarthy,3.036363,
950138,Tanner,foster,1.679323,
933122,Jack,foster,0.572689,
992256,David,Barch,1.739920,
961651,Chris,Zuko,2.228926,
982593,Thomas,Mcarthy,2.849349,
927493,Abby,Mcarthy,0.930305,
906135,Tony,Winehouse,0.794389,
991573,Chris,Wong,0.255684,
964688,Cathy,Mcarthy,1.816975,
966340,Cathy,foster,0.842109,
944732,Chris,Rose,1.205053,
953078,Tony,foster,3.306181,
939351,Jamie,Wong,0.158775,
902552,Phil,Rose,0.039686,
943601,Phil,clint,2.443478,
933657,Davin,Walter,3.104024,
917428,David,Wong,1.342210,
928535,David,clint,0.239654,
984450,Tony,Joestar,1.529221,
921235,David,Walter,3.868681,
949579,Roger,Joestar,1.424932,
991773,Cathy,Mcarthy,0.952130,
908936,Jamie,Walter,2.340413,
928979,Abby,Wong,0.568263,
937635,Tanner,Joestar,3.363088,
915823,Roger,Mcarthy,2.294034,
937919,Roger,Green,1.227511,
998681,Thomas,Joestar,2.625641,
913408,Phil,Joestar,2.763872,
926440,David,Walter,3.651508,
900788,Cathy,Walter,0.128644,
979441,Davin,Brown,0.156808,
929200,Molly,Joestar,3.635881,
972968,Thomas,Wong,0.540735,
981210,David,Joestar,0.659039,
951123,Tanner,Joestar,0.175478,
994097,Carter,Green,2.390689,
962290,Molly,Winehouse,0.078730,
977756,Jack,Zuko,1.502227,
993920,Jack,Zuko,0.515877,
996891,Tony,Mcarthy,3.061369,
942949,Tony,Wong,3.075824,
981269,Molly,Joestar,0.639667,
938906,Chris,Joestar,1.644670,
977026,Davin,Joestar,2.530019,
966332,David,Rose-Wall,2.612859,
999772,David,Rose-Wall,2.084873,
926674,Cathy,Brown,3.173435,
935732,Thomas,Joestar,3.170543,
993879,Molly,Rose-Wall,0.258743,
914917,Jamie,Rose,3.464486,
990661,David,Rose-Wall,0.010729,
940277,Davin,clint,0.555514,
909642,Cathy,Rose-Wall,0.656159,
990519,Cathy,Green,0.008201,
903462,Roger,Walter,1.646335,
942921,Cathy,foster,1.676580,
957799,Thomas,Rose-Wall,2.157707,
996319,Davin,Mcarthy,3.534506,
903950,Jack,Barch,2.639259,
908831,Jamie,Barch,3.097074,
974834,Thomas,clint,3.166148,
939498,Cathy,Brown,3.749468,
936885,Roger,Zuko,0.022364,
918992,David,clint,0.450327,
999732,Abby,Barch,2.370108,
945545,Jamie,Zuko,1.899533,
996407,Tanner,Walter,3.267600,
944361,Jamie,Brown,0.564898,
966665,Abby,Wong,1.896982,
953033,Cathy,Zuko,1.407018,
909051,Abby,Rose,3.338331,
933001,Phil,Green,0.497434,
906334,Davin,Wong,1.785851,
931305,Jen,Barch,3.768156,
924687,Tony,Green,3.897965,
925633,Jack,Rose,0.685095,
938498,Chris,Rose-Wall,2.194608,
942033,Abby,Green,3.543118,
979420,Tanner,clint,1.071608,
988312,Carter,foster,3.608360,
952260,Roger,Zuko,3.108203,
998550,Molly,Rose-Wall,1.933619,
999442,Davin,Joestar,0.664404,
939686,Cathy,clint,2.979653,
973206,Chris,Joestar,2.306311,
945153,Carter,Rose,3.815814,
939054,Jen,Wong,2.456052,
913349,Jack,Brown,2.648463,
941514,Cathy,Rose-Wall,0.630560,
912446,Jamie,foster,2.961934,
901095,Emily,Wong,0.842655,
918960,Jamie,Rose-Wall,0.294819,
937303,Emily,Joestar,3.096644,
951526,Thomas,Barch,0.498676,
985270,Emily,Wong,3.289954,
919427,Roger,Brown,3.539602,
949482,Abby,Green,3.227294,
918387,Tanner,clint,2.521363,
902401,Emily,Barch,2.739454,
963053,David,Winehouse,3.029293,
911914,Tanner,Joestar,0.782988,
965716,Jen,clint,3.753594,
998287,Phil,Green,1.670642,
927891,Jamie,Mcarthy,3.634470,
982738,Molly,foster,3.678135,
999353,Roger,clint,1.533940,
935581,Roger,Brown,2.414662,
954461,Molly,Wong,0.900883,
990967,Carter,Walter,2.952262,
980305,Carter,Mcarthy,0.768638,
916886,Jack,Joestar,0.377039,
922981,Jen,Green,1.672960,
907995,Davin,Walter,3.566135,
962354,Tanner,Rose-Wall,2.841792,
937557,Chris,Winehouse,3.196907,
980935,Davin,Winehouse,3.234197,
916883,Phil,Green,3.454803,
925810,Cathy,Walter,3.047292,
913780,Emily,Zuko,2.173115,
957813,Phil,foster,0.922308,
951876,Cathy,Mcarthy,1.416282,
998208,Cathy,Barch,3.342034,
973242,Abby,Mcarthy,3.428848,
918917,Jack,Zuko,2.197057,
912054,Thomas,Walter,1.240410,
918749,Molly,Walter,1.323556,
996859,Roger,clint,3.406831,
957950,Tanner,clint,0.236239,
902325,Molly,Wong,2.370201,
977758,Emily,Wong,1.667309,
955959,Tony,Brown,0.545754,
914541,Tanner,Green,2.550051,
991381,Jack,foster,3.236028,
921404,Roger,Joestar,3.321170,
991587,Davin,Barch,3.685462,
988035,Davin,Winehouse,3.330957,
904228,Molly,Mcarthy,1.582257,
901065,Tony,Mcarthy,3.492964,
998545,Jamie,Mcarthy,3.356761,
901655,Tony,Rose-Wall,0.968682,
935674,David,Green,3.243336,
967986,Phil,clint,2.798132,
996684,Phil,Green,2.896102,
956597,Jen,Green,3.414970,
943835,David,Barch,0.989375,
925058,Davin,Barch,2.346049,
996994,Cathy,Wong,0.596870,
933399,Jack,Wong,2.062571,
931606,Davin,Walter,1.804015,
953379,Phil,Joestar,1.445438,
906332,Jamie,Joestar,0.746827,
994573,Jamie,Mcarthy,2.230363,
924657,Emily,Zuko,1.663213,
921479,Carter,Joestar,3.672481,
950137,Chris,Mcarthy,1.454390,
946740,Roger,Winehouse,0.125724,
970137,Abby,Rose-Wall,0.037562,
975073,Jamie,foster,2.790537,
996014,Cathy,Barch,1.424383,
948324,Carter,Zuko,3.705653,
997068,Davin,Winehouse,3.099961,
992368,Tony,Joestar,1.754078,
921048,Roger,Rose,2.259313,
997256,Davin,Walter,1.789437,
974803,Jack,Winehouse,0.868219,
935120,Jen,Brown,0.846593,
930782,Roger,Winehouse,2.320424,
936596,Jack,Brown,2.919968,
902937,Chris,Wong,0.365572,
972260,Jack,Wong,1.263932,
921357,Chris,Rose-Wall,0.792503,
940021,Davin,Wong,2.455824,
910106,Phil,Rose-Wall,3.695107,
905577,David,Winehouse,0.658647,
964575,Phil,Rose,3.889686,
910654,Jamie,foster,2.651629,
916167,Davin,Mcarthy,1.208362,
910992,Tanner,Barch,0.210456,
927870,Cathy,Green,2.981758,
997091,Molly,Zuko,2.428029,
986647,Jen,Rose-Wall,0.343901,
965165,Emily,Brown,3.670244,
970236,Tanner,Joestar,2.573594,
996585,Phil,Green,1.781561,
956401,Roger,Winehouse,3.000432,
974099,Phil,Green,3.166506,
998501,Chris,clint,3.714754,
908408,Thomas,foster,2.537570,
991362,Phil,clint,0.719168,
958956,Phil,clint,0.773927,
930325,David,Joestar,2.170759,
963813,Emily,Wong,3.435903,
972989,Jack,Zuko,3.425476,
909302,Roger,Green,3.010528,
935950,Phil,Mcarthy,0.520209,
928118,Tony,Joestar,2.397159,
975031,Tony,Brown,2.221451,
957910,Jamie,Rose,3.851939,
941991,Molly,Joestar,2.533819,
972101,Chris,foster,0.718934,
977512,Carter,clint,3.205039,
964006,Jamie,Rose,3.024057,
999000,Roger,Walter,1.240116,
914327,Jamie,Green,3.275619,
989515,Phil,Rose-Wall,1.308652,
911619,David,Wong,2.517622,
930039,Jen,clint,1.625709,
964247,David,Zuko,0.952755,
917084,Roger,Green,3.456859,
982792,Tanner,Rose-Wall,1.794935,
943186,Davin,Barch,0.982784,
947275,Davin,clint,1.088840,
932500,David,Wong,1.228829,
986866,Tanner,Mcarthy,1.816124,
906499,Roger,Walter,0.453463,
928376,Jen,Mcarthy,0.723588,
926413,Carter,Barch,2.650691,
976130,Jamie,Winehouse,2.909578,
966627,Abby,Zuko,0.332022,
946520,Emily,Brown,1.921830,
987665,Tony,Rose-Wall,3.677202,
977630,Abby,Rose-Wall,1.022180,
934878,Carter,Walter,2.732018,
987441,David,Mcarthy,0.573335,
969240,Phil,Rose-Wall,1.415378,
991255,Jamie,Joestar,3.186035,
975646,Molly,Zuko,2.497581,
948606,Roger,Green,1.569130,
961180,Tony,Winehouse,3.844202,
918588,Cathy,Joestar,0.849699,
942713,Chris,Joestar,1.493224,
939408,Abby,foster,0.385128,
943632,Chris,Winehouse,3.541852,
906873,Davin,Wong,3.856688,
974150,David,Zuko,3.154590,
974764,Chris,Barch,0.195822,
971638,David,Rose,1.029111,
947108,David,Rose-Wall,3.715444,
996642,Chris,Barch,2.074734,
944086,Tanner,Wong,2.266182,
995756,Molly,foster,3.436284,
985761,Thomas,Green,0.120400,
916341,Abby,Rose-Wall,3.762845,
943390,Emily,Joestar,3.200925,
916875,Tony,Brown,2.462215,
954442,Phil,Zuko,1.665026,
901658,Tony,Brown,2.056827,
959145,Molly,Zuko,1.066678,
980759,Chris,Rose-Wall,3.590324,
936074,Tanner,Green,3.869217,
969661,Tanner,Zuko,1.011464,
994577,Chris,Joestar,1.135508,
988766,David,Mcarthy,3.611595,
946391,Chris,Mcarthy,0.678531,
920382,Jack,Rose-Wall,3.856365,
949091,Jen,clint,1.919175,
932160,Jack,Walter,2.323412,
932510,David,Walter,0.909614,
948241,Jamie,Rose-Wall,3.108027,
969038,Carter,Zuko,2.292607,
992626,Abby,Brown,2.248915,
940511,Jack,Zuko,1.128345,
940687,Tanner,foster,2.951431,
975064,Thomas,Joestar,0.574840,
907985,Jen,Rose,1.325056,
963995,Roger,clint,1.168339,
926021,Roger,foster,0.857654,
967499,Thomas,clint,0.912605,
902415,Abby,Wong,0.641693,
943836,Carter,foster,0.282462,
931275,Abby,Brown,2.149403,
917118,Jack,Walter,1.512099,
994382,Molly,Brown,3.848495,
992008,Tanner,foster,0.166048,
937860,Thomas,foster,2.733882,
970433,Davin,Green,1.149381,
908117,Roger,Rose,2.086163,
967347,Phil,Zuko,0.849449,
906450,Emily,Winehouse,3.741358,
991132,Abby,foster,0.617160,
979069,Roger,Mcarthy,3.423126,
974308,Chris,Zuko,1.702430,
941940,Carter,Barch,3.521863,
973392,Jamie,clint,3.039742,
919187,Jen,Wong,0.140418,
949803,Davin,Walter,1.077698,
983805,Chris,foster,2.656566,
967912,Jamie,Rose-Wall,1.204059,
999942,Tanner,clint,0.535292,
919069,Carter,Rose-Wall,3.806766,
974525,Davin,foster,2.281458,
969811,Carter,Wong,1.858981,
976759,Carter,foster,2.812760,
999893,Roger,foster,3.356593,
955863,Tony,clint,3.785742,
999458,Phil,Wong,3.335059,
960900,Chris,Rose-Wall,0.411963,
904889,Phil,Joestar,0.012292,
929746,Chris,Winehouse,3.162347,
994750,Davin,clint,3.927697,
908536,Emily,Green,2.185075,
961087,Roger,Walter,3.151648,
946928,Phil,Walter,1.473480,
971634,Cathy,clint,3.602481,
949180,Carter,Rose,0.575204,
971292,Thomas,Winehouse,2.818574,
945815,Thomas,Barch,3.823433,
990413,Tony,Rose,1.902616,
980232,Roger,Barch,1.768496,
963297,Molly,clint,0.239422,
949213,Davin,Zuko,3.717340,
972566,Jack,Wong,0.870751,
992776,Jen,Joestar,3.635542,
976706,David,Walter,2.737156,
934515,Carter,Zuko,3.272762,
969143,Tony,Green,3.698309,
930793,Carter,Walter,2.415671,
964920,Roger,Mcarthy,3.814686,
968169,David,Walter,1.334617,
958553,Thomas,Zuko,1.004208,
991614,Molly,foster,2.159353,
984295,Chris,Brown,0.750564,
910436,Carter,Rose-Wall,2.737506,
945107,Thomas,Mcarthy,1.545921,
944661,Abby,Mcarthy,0.593869,
961277,Jamie,Wong,3.353904,
952230,Tanner,Green,2.183106,
938467,Carter,Rose,2.803171,
944673,Cathy,foster,2.751505,
911779,Jamie,Walter,0.038668,
987566,Phil,clint,0.707496,
960627,Jen,Zuko,0.930850,
970950,Jamie,Zuko,3.753828,
905245,Jamie,Barch,0.564090,
915107,Chris,foster,0.768804,
987211,Chris,Green,3.885329,
986724,Phil,Walter,2.699805,
965758,Cathy,foster,1.909154,
922894,Roger,Mcarthy,2.518010,
912977,Jack,Mcarthy,1.538619,
905340,Abby,Rose-Wall,1.023811,
985209,Tony,Barch,1.079737,
969155,Cathy,Joestar,3.329360,
986737,Molly,Wong,1.191056,
928217,Jen,Mcarthy,0.722006,
977751,Jamie,Joestar,1.435449,
973760,David,Green,0.390303,
922223,Thomas,Winehouse,0.002309,
996115,Jen,Wong,3.942598,
991352,Roger,clint,3.384293,
922397,Cathy,Rose,0.025779,
939628,Carter,Brown,0.367975,
944879,Phil,Barch,0.573138,
937126,Roger,Mcarthy,0.645611,
936894,Davin,Brown,0.949042,
901398,Tony,Green,3.157051,
967874,Abby,Winehouse,3.470856,
970783,Carter,clint,1.183197,
981889,Cathy,Zuko,0.029827,
966920,Roger,Walter,3.635019,
977031,Thomas,Walter,1.978208,
984182,Phil,Barch,1.964848,
937057,Phil,Rose,0.483736,
950427,Abby,clint,3.429172,
989141,Davin,Rose-Wall,2.968733,
969731,Jen,Walter,2.471299,
998338,Roger,Wong,1.181444,
968813,Molly,Barch,0.630032,
977813,Molly,Brown,0.589683,
903566,Jamie,Mcarthy,0.963016,
926385,Davin,Winehouse,2.760560,
906768,Roger,Joestar,0.222595,
970862,Jack,Brown,3.514560,
973736,Tanner,Joestar,0.703476,
990996,Thomas,Zuko,3.312891,
953952,Abby,clint,3.937877,
919331,Jen,Walter,0.570197,
990715,Roger,Joestar,2.009771,
957426,Tony,Rose-Wall,1.747689,
926861,Molly,Joestar,1.669801,
931439,Tanner,Mcarthy,0.780411,
941679,Jen,Barch,1.602800,
922591,Chris,Rose,2.123627,
915225,Cathy,Barch,1.670117,
991367,Emily,Winehouse,1.786400,
949036,Thomas,Rose-Wall,1.815354,
936493,David,Winehouse,2.929634,
954229,Carter,foster,3.137399,
928518,Jamie,Joestar,2.391212,
927085,Tanner,foster,2.717420,
955219,Molly,Rose,0.959197,
921772,Chris,Joestar,3.976725,
925400,Tanner,Rose,2.875704,
959659,Phil,Rose-Wall,3.004768,
947309,Thomas,Wong,0.883318,
984235,Abby,Wong,2.466743,
994318,Thomas,foster,1.139651,
905970,Jack,Rose,0.092897,
913026,Carter,Winehouse,1.251763,
990939,Molly,Winehouse,1.676865,
936273,Roger,Barch,0.242018,
992056,Jack,Winehouse,0.263552,
963152,Phil,clint,3.175897,
977211,Jamie,Rose-Wall,3.873215,
911094,Tony,Barch,3.876019,
917072,Tanner,Mcarthy,3.128752,
917769,Roger,Brown,0.913710,
914904,Phil,clint,0.833953,
913951,Roger,Brown,0.578546,
956675,Roger,clint,1.818611,
985413,Jamie,Rose-Wall,0.102458,
945129,Chris,Rose-Wall,0.708698,
965885,Jamie,Winehouse,3.143019,
964951,Davin,Rose,0.059431,
995732,David,Joestar,1.413013,
967506,Jamie,Wong,3.388653,
943456,Emily,Rose-Wall,2.483432,
997727,Emily,Winehouse,2.992730,
974727,Molly,Wong,2.021207,
954286,Cathy,Barch,0.802922,
999783,David,Green,1.475652,
907465,Emily,Zuko,0.756546,
917535,Jamie,Rose-Wall,2.876668,
941662,Emily,Mcarthy,0.693590,
921062,Jack,Barch,3.027713,
933737,Carter,Joestar,3.634145,
938650,Davin,Brown,2.952075,
975536,Tanner,Zuko,3.388916,
962252,Roger,Walter,3.080444,
985214,Tanner,Zuko,0.888712,
931114,Jamie,Brown,1.333371,
991931,Tanner,Wong,3.789509,
961749,Davin,Brown,1.072348,
962563,Chris,Mcarthy,3.776235,
951054,David,Rose,3.020316,
985256,Jamie,Joestar,1.378505,
982372,Phil,Wong,1.925881,
966767,Jamie,Green,1.385038,
999350,Chris,Wong,2.206906,
944674,Abby,Barch,0.669401,
960999,David,Barch,3.986823,
996213,Abby,Barch,1.974385,
931988,Phil,Zuko,1.368484,
997881,Abby,Mcarthy,1.768315,
958478,Chris,Wong,1.828270,
956286,Molly,Zuko,3.096770,
993818,Abby,Rose-Wall,0.346856,
959585,Thomas,foster,0.326495,
997138,Jen,Rose-Wall,1.717354,
901074,Carter,Mcarthy,1.080714,
940220,Cathy,Wong,2.109072,
973087,Davin,Barch,3.321852,
996153,Abby,Winehouse,3.576830,
984871,Jamie,Mcarthy,2.256893,
981527,Cathy,clint,3.999511,
931669,Jack,Winehouse,1.672733,
920526,Roger,Green,0.207977,
964518,Davin,Walter,3.896912,
993350,Chris,Barch,3.709857,
991641,Carter,Winehouse,1.676284,
958609,Tony,Rose,2.264728,
944120,Cathy,Mcarthy,1.893370,
975552,Tanner,Winehouse,0.443914,
936875,Davin,Winehouse,0.205189,
930628,Jamie,Brown,1.594332,
957052,Thomas,Brown,3.285802,
972940,Thomas,Rose-Wall,3.628762,
971979,Chris,Rose-Wall,3.071165,
914411,Roger,Rose-Wall,1.936093,
905718,Jamie,Walter,2.186574,
945629,Abby,Barch,1.655484,
935034,Davin,Rose,2.414213,
986982,Thomas,Barch,2.147692,
976067,Jamie,Mcarthy,1.956183,
946486,Roger,Winehouse,0.034466,
988484,Thomas,clint,1.974172,
994697,Tanner,Joestar,2.876366,
994564,David,Wong,1.101686,
985745,David,Mcarthy,3.679914,
953066,Davin,Green,1.565288,
973830,Abby,Rose-Wall,2.761020,
952565,Abby,foster,3.384476,
954852,Tanner,Zuko,0.673201,
975912,Tony,Mcarthy,3.423021,
951405,Abby,Rose-Wall,2.430772,
918644,Tony,Joestar,0.203662,
995414,Chris,Brown,0.793666,
964155,David,Winehouse,3.783419,
974779,Jen,Joestar,3.352330,
945394,David,Wong,3.294270,
917364,Chris,clint,2.179162,
945656,Molly,Barch,1.404164,
962009,Jen,Rose,3.678949,
924338,Tanner,Walter,0.093288,
904278,Chris,Green,0.515488,
900875,Phil,Zuko,1.522361,
914607,Phil,Joestar,0.388018,
924506,Davin,Walter,3.495888,
972978,Roger,clint,1.637259,
962269,Cathy,Barch,1.327056,
981719,Emily,Winehouse,0.826180,
986198,Thomas,foster,1.035096,
916865,Phil,Wong,0.074566,
931984,Jamie,Brown,3.992351,
963245,Emily,clint,2.320502,
960518,Phil,clint,2.457987,
980029,Phil,Wong,1.981653,
929768,David,Winehouse,0.029339,
965239,Emily,Walter,2.305364,
960428,Davin,Mcarthy,1.291458,
928703,Carter,Mcarthy,3.516199,
943452,Chris,Mcarthy,3.063952,
926628,Chris,Brown,0.258535,
974285,David,Zuko,1.725456,
901233,Tony,Rose-Wall,3.735876,
921285,Carter,Rose-Wall,1.096662,
983090,Emily,Joestar,3.117896,
962977,Tanner,Barch,0.515997,
990387,Jamie,clint,1.392936,
943324,Jamie,Brown,3.452487,
995955,Thomas,Joestar,0.825543,
962066,Thomas,Green,1.277240,
903986,Tanner,Rose-Wall,3.674711,
952963,Phil,Barch,1.528255,
939687,Emily,Walter,3.364736,
963385,Roger,Zuko,3.139539,
943113,Abby,Walter,0.649718,
925826,Chris,Rose-Wall,2.481414,
960715,Roger,Rose,3.622732,
927134,Phil,clint,0.852783,
905630,Tanner,Wong,1.306359,
914671,Emily,Winehouse,0.743146,
970642,Jack,Joestar,0.389550,
937980,Carter,foster,3.532476,
941784,Jamie,Joestar,1.576401,
915077,Molly,Joestar,1.572789,
983260,Roger,Rose-Wall,3.580138,
966227,Tony,clint,3.332151,
971642,Roger,Brown,0.349677,
948691,David,Barch,1.682155,
916228,Phil,Rose-Wall,1.165938,
997034,Tony,Rose-Wall,0.685911,
932348,Tony,Winehouse,1.370184,
918799,Molly,Joestar,0.469746,
956830,Phil,Barch,2.710527,
971532,Phil,Green,2.537200,
901892,Emily,Barch,2.727321,
998985,David,Mcarthy,0.601700,
912452,Phil,Rose,0.891788,
901599,Jack,Walter,0.803687,
983914,Tanner,Rose-Wall,0.981574,
935138,Chris,Barch,1.200473,
961428,Phil,Walter,0.205233,
954480,Tony,Rose-Wall,2.675322,
986899,Molly,Rose,3.185663,
977840,Thomas,Barch,0.418500,
978200,Jamie,Rose,1.376805,
902051,Davin,clint,2.159632,
975932,Jack,Wong,0.877474,
928023,Emily,Brown,1.951262,
940972,Molly,Brown,0.129608,
901570,Jack,Wong,2.759571,
947940,Tanner,Winehouse,0.356756,
953442,Davin,foster,2.819873,
914443,Davin,Zuko,0.423933,
936578,Tanner,foster,3.326145,
971647,David,Rose-Wall,0.304278,
963961,Tony,Rose,1.878334,
964884,Jen,Wong,2.412886,
928480,Jack,clint,1.177456,
951094,Phil,Rose,3.422809,
970063,Carter,Mcarthy,2.462276,
945179,Roger,clint,2.177698,
946742,David,Rose-Wall,0.836241,
938499,Cathy,Rose,3.965346,
993357,Tony,Rose,2.131734,
982639,Molly,Winehouse,3.031610,
973721,Emily,Walter,2.502679,
954460,David,Mcarthy,0.593967,
952859,Jamie,Winehouse,2.787316,
957240,Roger,Green,2.164965,
904962,Thomas,foster,1.783169,
946136,Carter,foster,2.260462,
936696,Phil,Joestar,2.103987,
931921,Phil,Wong,0.218238,
966208,Molly,Mcarthy,0.633801,
921134,Jamie,foster,1.250181,
904018,Roger,Barch,3.162633,
979605,Tanner,Zuko,0.459885,
970350,David,Mcarthy,3.430792,
932920,Phil,Rose-Wall,3.661841,
930973,Abby,Rose,1.548269,
939063,Cathy,Rose-Wall,2.858347,
945868,Jamie,clint,1.047691,
977690,Molly,Rose-Wall,2.003888,
904523,Molly,Brown,3.958626,
982805,Cathy,Rose,1.053947,
966222,Jamie,Barch,1.358522,
930154,Carter,Brown,3.343471,
934625,Roger,clint,0.575063,
949860,Davin,Rose,2.880363,
978078,Tony,Brown,3.100434,
949241,Molly,Brown,0.418296,
938649,Thomas,foster,0.351622,
906053,Roger,clint,2.324924,
929879,Tony,Rose-Wall,1.126107,
987994,Tony,Wong,1.286143,
902980,Cathy,Brown,3.308204,
930715,David,Barch,0.869393,
908708,Molly,Rose-Wall,3.204551,
900745,Jack,Rose-Wall,0.051094,
974946,Tony,Walter,3.125278,
953517,David,clint,1.992959,
981713,Chris,clint,3.983784,
966541,David,Barch,2.130572,
943083,Carter,Mcarthy,1.174637,
979894,Cathy,Mcarthy,3.995967,
933572,David,Green,3.154649,
993296,Carter,Rose,0.753435,
931302,Davin,foster,3.303168,
995093,Jack,Rose,1.204184,
945147,Tanner,foster,1.035364,
917428,Tony,Brown,1.584212,
986490,Abby,clint,3.931101,
930211,Jamie,Winehouse,1.768064,
937232,Carter,foster,3.904527,
925123,Emily,Wong,0.144550,
920610,Carter,Walter,1.016562,
911351,Emily,Rose-Wall,1.516500,
960979,David,Winehouse,3.866728,
900218,David,foster,0.950096,
914035,David,Brown,1.977619,
911388,David,Rose,1.118341,
939459,Jamie,Barch,3.068176,
903739,Davin,Green,3.579381,
914473,Tanner,Rose,1.464844,
990513,David,Joestar,1.823282,
918532,David,Brown,1.869412,
956698,Abby,Walter,1.752058,
948520,Emily,Brown,0.642348,
963325,Jamie,Winehouse,2.643363,
938448,David,Green,0.427413,
924233,David,Winehouse,2.575731,
996759,Carter,Walter,0.628203,
947487,Phil,Brown,1.882554,
955732,Chris,Brown,3.739012,
917724,Abby,foster,2.861072,
924847,David,Winehouse,0.393954,
913801,Carter,Mcarthy,2.289047,
941899,Thomas,Walter,0.340099,
923758,Phil,Rose,1.044628,
914997,Chris,Winehouse,2.105622,
998740,David,Walter,0.557034,
995454,Carter,foster,3.892335,
938305,Davin,Barch,1.454451,
956225,Carter,Winehouse,2.726885,
921118,Carter,Walter,3.197454,
909223,Thomas,Mcarthy,1.092109,
923381,Emily,Wong,3.491387,
905399,Davin,Wong,2.872894,
927700,Jamie,clint,0.484624,
960572,Jack,Rose-Wall,3.615339,
933358,Abby,Zuko,2.198731,
956771,Carter,Mcarthy,0.867266,
900135,Chris,Brown,0.574348,
919869,Roger,Green,3.732644,
990682,Tony,Walter,3.460455,
951709,Jen,Joestar,1.903351,
999278,Jamie,Zuko,3.617740,
961498,Carter,clint,3.058739,
917657,Chris,Barch,3.430905,
922429,Tanner,Rose-Wall,0.872351,
936942,Cathy,Mcarthy,0.230478,
977032,Tanner,clint,0.396760,
987158,Jamie,Winehouse,0.927064,
924697,Jack,Barch,0.137191,
927430,Davin,Winehouse,2.239033,
978485,Chris,Walter,2.110205,
996792,Jen,Barch,0.917220,
979884,Jamie,foster,1.332307,
991453,Jamie,Zuko,3.334988,
982651,Thomas,Rose,1.739322,
971791,David,clint,0.175833,
964533,Tanner,Winehouse,3.097776,
917675,Phil,Zuko,2.429245,
950791,Tony,Joestar,0.324020,
971041,Carter,Rose-Wall,0.060507,
942270,David,Walter,1.174754,
991755,Abby,Winehouse,2.576449,
964090,Davin,Walter,1.839324,
904419,Jamie,Green,3.537543,
909609,Jack,Wong,2.481530,
966739,Jamie,Rose,0.795436,
914737,Jamie,Rose,3.165100,
928665,Jack,Mcarthy,2.834733,
969954,Jack,Wong,0.079502,
964477,Cathy,Joestar,3.371997,
966309,Phil,Walter,0.497981,
957214,Jack,Barch,1.224323,
974387,Davin,Zuko,3.802307,
901805,Chris,Barch,3.496582,
908793,Chris,foster,2.304966,
974966,Cathy,Mcarthy,2.130694,
964881,Jack,Green,1.618077,
922290,Tanner,Wong,0.013222,
922596,Molly,Mcarthy,3.942213,
995234,David,Rose-Wall,3.389820,
999575,Carter,Brown,1.429056,
929330,Davin,Wong,0.935794,
918157,Tanner,clint,2.327049,
926938,Davin,Brown,3.057303,
925751,Jamie,Barch,1.884688,
957126,Phil,Walter,3.538388,
976964,Carter,Walter,3.554312,
903323,Tony,Zuko,3.156241,
982533,Molly,Brown,3.858227,
911654,Tanner,Rose-Wall,0.793387,
928729,Tony,Walter,3.795022,
934540,Chris,Barch,3.766986,
987587,Emily,Zuko,0.738159,
900474,Emily,Rose-Wall,0.858964,
948021,Molly,Wong,1.691959,
992650,Emily,Winehouse,1.992805,
910232,Emily,Walter,1.510831,
955428,Thomas,Mcarthy,1.402958,
995846,Phil,clint,0.531648,
935612,Cathy,Green,3.164848,
961497,Roger,Rose,0.134589,
987117,Abby,Wong,0.317403,
977347,Tanner,Rose,2.999569,
943520,Jen,Joestar,2.309022,
921695,Chris,Winehouse,3.121039,
938314,Cathy,foster,0.056097,
907389,Emily,Wong,0.761570,
934745,Emily,Wong,1.032732,
985829,Abby,Winehouse,3.351607,
955834,Cathy,Zuko,1.915704,
943775,Jamie,Rose,1.581108,
982517,Abby,Rose-Wall,1.576910,
982284,Emily,Mcarthy,2.899164,
955149,Davin,clint,1.075345,
904990,Jack,Winehouse,1.145069,
914568,David,Rose-Wall,2.414629,
933043,Abby,Mcarthy,2.121631,
966462,Jen,Green,2.541749,
987460,Roger,Brown,3.666989,
934300,Jack,clint,2.420297,
949568,Jack,foster,1.643586,
980276,Davin,Joestar,1.947449,
965350,Emily,Mcarthy,0.633525,
961798,Emily,Walter,0.390343,
915971,Davin,clint,3.662227,
993618,Cathy,Mcarthy,3.415661,
917870,Davin,Winehouse,0.311848,
973371,Thomas,Wong,1.781611,
992391,Cathy,clint,3.226783,
951330,Jack,Barch,2.386469,
939206,Davin,Rose,3.336993,
940687,Chris,Joestar,0.713614,
953407,Abby,Barch,0.717678,
952369,Abby,Green,0.818735,
950519,Jamie,Barch,3.581789,
943350,Tony,Wong,1.897742,
993416,Jen,Rose,1.105451,
917172,Phil,Barch,0.399459,
978748,David,Barch,3.190427,
980848,Tony,Winehouse,2.953735,
929596,Molly,Green,2.211214,
971794,Thomas,Brown,1.499430,
990602,Abby,Winehouse,2.241157,
965007,Tony,Rose-Wall,2.450468,
925978,Tony,Barch,2.378802,
978300,Jack,Walter,3.381665,
941033,Chris,Zuko,1.248659,
983978,Chris,Wong,1.118700,
951653,Jack,Barch,1.996457,
957020,Thomas,clint,1.895159,
984238,Jen,Brown,0.354549,
955059,Carter,Rose-Wall,1.797575,
979582,David,Brown,2.054248,
927372,Carter,Green,1.581865,
964397,Abby,Rose-Wall,2.131863,
922885,Carter,Winehouse,0.467992,
962005,David,Rose-Wall,0.344452,
977229,Abby,Barch,1.841978,
979089,Jack,Brown,0.606215,
995289,Roger,Barch,3.511615,
975411,Phil,Brown,0.747127,
911293,Abby,foster,1.909759,
911265,Phil,Rose,3.205243,
942769,Thomas,Brown,1.813470,
932311,Phil,Joestar,0.033300,
968524,Carter,Green,2.950840,
974591,Phil,Brown,2.648776,
928007,Jamie,Green,0.854788,
963483,Emily,Wong,0.257100,
952788,Jamie,Mcarthy,2.401912,
933328,Jamie,Mcarthy,3.900448,
948235,Emily,Wong,1.639179,
902844,Abby,clint,3.770162,
992696,David,Joestar,3.990967,
940378,David,Wong,0.489515,
994056,Jamie,Barch,2.476972,
932669,Jen,Zuko,2.131463,
996927,Abby,Barch,0.190145,
947298,Tanner,Barch,2.603852,
900431,Thomas,Walter,3.748029,
978178,Jamie,foster,1.993432,
920764,Molly,Barch,3.532315,
964525,Jack,Zuko,3.937363,
958931,Chris,Barch,3.135926,
928974,Jack,foster,2.231921,
967760,Emily,Rose-Wall,1.112993,
938896,Tanner,Mcarthy,1.365994,
917401,Tanner,Rose-Wall,3.745556,
991522,Emily,Winehouse,2.290305,
995897,Emily,Brown,1.589350,
900505,Carter,Zuko,3.965922,
929254,Chris,Zuko,3.497662,
926776,Phil,Rose-Wall,0.909765,
909311,Cathy,foster,1.915763,
975995,Carter,Walter,1.173376,
965939,Carter,Green,3.829261,
991872,Jen,Mcarthy,1.583340,
958742,Thomas,foster,3.040751,
987434,Thomas,Barch,3.155351,
989867,Molly,Barch,0.104999,
966266,Abby,clint,0.079599,
960580,David,Mcarthy,1.527315,
974505,Phil,Zuko,3.732652,
907811,Cathy,Rose,0.886333,
922619,Chris,Barch,2.338769,
919647,Thomas,Walter,2.368395,
986630,Jamie,Rose-Wall,2.679962,
987492,Chris,Wong,0.491478,
934941,Jen,clint,3.461278,
966738,Tony,foster,2.644163,
946364,Abby,Green,3.532103,
981612,Cathy,Barch,1.400159,
914345,Jamie,Rose,0.328847,
922325,Jack,clint,2.765143,
989483,Chris,Walter,2.935225,
957437,Roger,Brown,0.225549,
971915,Jen,Barch,2.433223,
906962,Jack,foster,0.227396,
910358,Jack,Walter,0.771283,
959670,Jack,Rose,3.893804,
917885,Abby,Joestar,0.983877,
909428,David,foster,1.780591,
966518,Thomas,Rose,2.700371,
904545,Roger,Joestar,3.817021,
926163,Emily,Zuko,2.387590,
988220,Cathy,Winehouse,3.609450,
928532,Jamie,Mcarthy,0.988133,
919468,Molly,Mcarthy,0.634586,
902850,Phil,Joestar,0.610561,
923069,Jamie,Rose,0.873386,
937938,Cathy,Green,0.716249,
955423,Molly,foster,3.886263,
947634,Davin,clint,0.307643,
982298,Molly,Barch,1.400155,
956833,Jen,Rose,2.515782,
947680,Tanner,Zuko,2.374530,
950652,Davin,Joestar,2.688222,
910813,Carter,foster,2.142872,
955965,Carter,clint,0.388674,
915088,Abby,Joestar,0.194587,
972244,Jack,Brown,2.380369,
907759,Davin,Green,1.781305,
949856,Chris,foster,1.605859,
988256,Davin,Wong,0.593338,
953573,Jack,Mcarthy,3.398257,
987039,Emily,foster,0.784051,
975297,Jamie,Mcarthy,3.144716,
918125,Phil,clint,2.127726,
967054,Carter,foster,2.014023,
992986,Jen,Winehouse,3.133644,
945313,Chris,foster,2.728161,
960687,Roger,Brown,1.249563,
918470,Jack,Mcarthy,3.029408,
914025,Chris,Rose,3.498724,
996168,Emily,Wong,1.791960,
909316,Jack,Joestar,2.108683,
923691,Abby,Zuko,1.200347,
965235,Emily,Joestar,2.546820,
947959,Tanner,Brown,2.311294,
974005,Phil,Wong,3.549823,
950038,Jamie,Wong,2.965777,
980817,Molly,Zuko,0.307676,
945659,Davin,Zuko,0.112484,
964633,Davin,Wong,1.501253,
944598,Cathy,Joestar,0.982640,
984643,Carter,Rose,3.563039,
950861,David,Zuko,1.403279,
915752,Davin,Brown,3.609623,
981923,Thomas,Rose-Wall,1.375567,
996740,Cathy,foster,0.488055,
904901,David,Rose,0.777652,
964468,Jack,Rose-Wall,3.486084,
949966,Emily,Joestar,2.211953,
958104,David,clint,2.726579,
933467,Cathy,Winehouse,3.321702,
953417,Jen,Rose,2.533444,
950665,Thomas,Barch,0.995331,
940335,Molly,foster,1.836859,
958554,Tony,Rose,2.317859,
953553,Thomas,foster,3.246964,
929198,Chris,Winehouse,3.656580,
928447,Jen,Barch,0.526156,
947987,Tanner,Zuko,0.202586,
946174,Jamie,Walter,1.129930,
932939,Cathy,foster,3.164870,
921678,Jen,foster,3.668518,
983782,Roger,Zuko,1.996141,
977550,David,Walter,0.569356,
978202,Emily,Winehouse,3.824626,
934135,Jack,Green,0.512927,
954678,Chris,foster,2.843767,
989352,Carter,Rose,1.896504,
950185,Carter,Green,1.676493,
903971,Tony,Green,2.086035,
989001,Emily,clint,3.942976,
926436,Emily,Zuko,3.327604,
957683,Jen,Joestar,3.583763,
901536,Cathy,Green,2.938876,
963435,Molly,clint,2.375910,
927747,Tony,Mcarthy,3.735676,
904679,Tanner,Mcarthy,3.404190,
957655,Davin,Barch,1.320510,
901397,Phil,clint,2.711456,
981020,Phil,Green,3.685146,
944720,Abby,clint,1.286331,
905723,Roger,Brown,1.712334,
938705,Abby,foster,1.095850,
923958,Emily,Mcarthy,1.017422,
946072,Thomas,foster,1.828284,
935206,Tanner,Zuko,3.693632,
908985,Roger,Rose,1.812619,
981320,Tony,Joestar,0.425368,
926057,Cathy,Walter,0.207667,
960001,David,Wong,3.144370,
909878,Chris,Green,1.716931,
901867,Tony,Mcarthy,2.877822,
929270,Jack,Zuko,3.883091,
910336,Jack,Walter,3.503957,
962089,Thomas,Rose,3.941083,
934742,Jen,Walter,1.793670,
906039,Emily,Joestar,2.316132,
952173,Abby,foster,3.320287,
973252,Cathy,Winehouse,2.347229,
925629,Davin,Mcarthy,3.364551,
964381,Tanner,Wong,1.443035,
970911,Jack,Walter,3.220178,
937937,Davin,Mcarthy,2.942410,
959505,David,Winehouse,0.434934,
933887,David,foster,2.178050,
923126,Molly,Rose,0.815331,
960141,Phil,Green,0.074687,
978659,Jen,clint,3.294933,
938643,Tanner,clint,1.876768,
964960,Jamie,Zuko,3.057875,
933417,Molly,Mcarthy,2.358699,
955562,Chris,Mcarthy,3.380039,
925645,Phil,Rose-Wall,2.936551,
963259,Phil,Green,3.240139,
989947,Molly,Wong,0.685539,
996362,Chris,Brown,3.517055,
965654,Phil,Rose,2.256035,
929625,David,clint,1.032317,
966455,Davin,Green,0.392562,
954654,Tanner,Wong,3.686228,
918687,Jack,Joestar,0.796878,
930557,Jamie,Green,3.162058,
917050,Tanner,Joestar,0.220818,
913208,Tony,Rose,1.128477,
940240,David,Mcarthy,3.136039,
994536,Molly,Walter,0.975365,
980339,Jamie,Zuko,1.128385,
930156,Jamie,foster,1.772018,
989845,David,Walter,0.478730,
920448,Emily,Zuko,1.340069,
910086,Cathy,Walter,3.232877,
951865,David,Rose,3.800045,
910594,Chris,clint,1.054820,
951276,Cathy,Rose,3.156978,
943294,Tanner,Rose-Wall,2.721053,
945141,Jack,Brown,2.211040,
932267,Jen,Mcarthy,1.965580,
917709,Davin,Wong,2.089514,
902457,Emily,Zuko,0.841678,
945276,David,Rose-Wall,2.711336,
962383,Jen,foster,1.487064,
962254,Abby,Walter,1.120783,
964111,Davin,Walter,2.398376,
964523,Emily,Mcarthy,3.048856,
924187,Molly,clint,1.826591,
996817,Tanner,Wong,3.856706,
989864,Abby,Green,0.129375,
950427,Davin,Walter,0.242748,
942831,Chris,Green,0.924762,
945400,Carter,Rose-Wall,3.871044,
995311,Tony,Barch,1.865722,
957266,Jamie,Zuko,3.244162,
952259,Tony,Zuko,3.182472,
909415,Phil,Rose,0.654881,
940744,Davin,Rose-Wall,2.428096,
918583,Tanner,Rose,1.087435,
909025,Chris,Joestar,3.964579,
914916,Roger,Mcarthy,2.870548,
956707,Jack,foster,2.633632,
944367,Tanner,foster,1.464322,
944464,David,Green,2.282004,
946779,Davin,Winehouse,2.796772,
961087,Abby,Mcarthy,0.113131,
916134,Thomas,Joestar,1.760945,
939511,Emily,Green,1.981598,
981287,Molly,foster,2.164694,
969939,Phil,Zuko,2.794476,
965882,Thomas,Zuko,1.169441,
955072,Tanner,Winehouse,0.435780,
949263,Jen,foster,3.289133,
986593,Phil,Walter,2.859459,
992216,Carter,foster,1.324608,
957013,Molly,Walter,0.081454,
941248,Cathy,clint,0.540379,
924529,Carter,foster,3.190721,
977864,David,Wong,0.899407,
941484,Roger,Rose-Wall,0.559392,
953065,David,Walter,3.501732,
961378,Jamie,Rose-Wall,1.838001,
939211,Phil,Zuko,2.135886,
926455,Davin,Mcarthy,2.873966,
957008,Phil,foster,0.769805,
932091,Cathy,Brown,3.678088,
958019,Phil,Winehouse,2.623345,
938424,Davin,Green,1.073811,
935760,Phil,Brown,1.631063,
907287,Abby,Rose-Wall,3.238671,
974036,Roger,clint,2.510648,
998250,Molly,Green,2.843113,
980043,Abby,foster,2.281958,
975645,Tony,Zuko,1.737786,
918222,Tony,Brown,2.908340,
959462,Roger,Zuko,2.400464,
932004,Thomas,Zuko,2.795542,
908576,Jen,Brown,0.559219,
929200,Tanner,Brown,2.367884,
960088,David,Rose-Wall,1.620903,
954392,Thomas,Rose,2.340856,
911648,Carter,Rose-Wall,3.837946,
905639,Jamie,clint,3.138285,
951117,Roger,Rose,3.902784,
917172,Emily,Green,2.851471,
979873,Phil,Zuko,0.146180,
999903,Chris,Walter,3.794847,
943474,Jack,foster,1.874525,
938650,Tanner,Walter,1.180665,
960759,Tony,Brown,3.314038,
982793,Emily,Rose-Wall,0.608728,
943377,Jamie,Joestar,0.264632,
906818,Jack,Green,0.593275,
913997,David,Rose-Wall,2.803697,
997514,Tanner,Winehouse,1.101448,
910735,Jamie,Green,1.237745,
944238,Phil,Rose-Wall,1.031733,
934469,Carter,Mcarthy,3.422161,
952706,Abby,Brown,0.954351,
970818,Carter,Joestar,3.871882,
945090,Thomas,foster,3.637662,
969127,Davin,Joestar,1.684058,
988782,Emily,Rose-Wall,2.694783,
990833,Emily,Wong,3.943353,
936137,Abby,Walter,0.280136,
993507,Davin,Joestar,0.845082,
946182,Davin,Brown,2.517360,
922865,Tony,Rose,1.188581,
943433,David,Joestar,3.487309,
903282,Davin,Walter,0.686743,
925799,Davin,Brown,0.736523,
997596,Molly,Mcarthy,2.796640,
999329,David,Winehouse,1.427829,
920652,Roger,Brown,1.898832,
986865,Molly,foster,2.001155,
948466,Roger,Brown,0.227412,
946213,Roger,foster,0.034513,
922844,Tony,Rose-Wall,1.223790,
999399,Tony,Zuko,1.268730,
955164,Molly,Brown,2.666668,
983223,Emily,Green,2.140094,
987673,Molly,Walter,1.757246,
949793,Tanner,Wong,1.837544,
953165,Davin,Barch,1.209946,
913555,Roger,Brown,2.880540,
969932,Cathy,Rose,2.766881,
982044,Abby,Mcarthy,2.801635,
921117,David,Joestar,2.715138,
926220,Emily,Winehouse,0.765579,
989229,Emily,Mcarthy,2.070766,
922764,Emily,Wong,0.900786,
948433,Jen,foster,1.859762,
945273,Roger,Rose-Wall,2.603339,
965990,Molly,Wong,0.621629,
940663,Carter,Mcarthy,2.972980,
950490,Roger,Joestar,2.710946,
992656,Chris,Green,3.864634,
953359,Jamie,Zuko,0.946568,
950489,Thomas,clint,3.432312,
993823,Chris,Walter,3.465999,
908152,Abby,Rose,3.138131,
979694,Thomas,Joestar,3.027469,
954258,Davin,Zuko,3.306273,
987033,David,Wong,0.413879,
989722,Cathy,Brown,1.757733,
909795,Emily,Rose-Wall,2.791637,
982094,Phil,Mcarthy,0.264014,
907271,Tony,Wong,0.049556,
931717,Tony,foster,2.424740,
991476,Emily,Mcarthy,0.577310,
987204,Jen,Rose,3.669110,
969695,Tony,Rose,1.634985,
974293,Davin,Barch,1.735420,
918060,Abby,Wong,2.679852,
978781,Abby,Mcarthy,0.373171,
964642,Davin,foster,1.536796,
912995,Thomas,Green,3.428399,
968486,Tanner,Brown,1.058256,
916488,Roger,Zuko,0.160221,
935583,Tony,Green,1.989702,
919990,David,Rose,2.930309,
984610,Jen,Joestar,1.933148,
940098,Abby,Brown,2.085266,
954136,David,Walter,0.134646,
920855,Tanner,Joestar,2.467253,
978396,Jamie,clint,0.257323,
902890,Emily,Green,2.233736,
912614,Roger,Winehouse,3.720977,
937611,Carter,Rose-Wall,2.257672,
983314,Jamie,Walter,0.834124,
998512,Phil,Walter,1.685530,
908880,Cathy,Brown,3.215989,
928812,Jack,foster,3.054059,
921787,Roger,Wong,0.486333,
914569,Jamie,Wong,0.151320,
953014,Carter,Winehouse,1.451303,
971266,Abby,Mcarthy,3.884966,
922299,Tanner,Barch,0.873461,
978294,Davin,Walter,3.328470,
907329,Tony,clint,0.675639,
902087,Davin,Brown,1.798202,
942229,Emily,Joestar,2.354765,
925214,Cathy,Green,3.594292,
910163,Chris,Rose-Wall,3.569761,
942046,Jack,Rose-Wall,2.493979,
992700,David,Zuko,2.675941,
987575,David,Mcarthy,0.046156,
977687,Jen,clint,2.196469,
979412,Phil,Green,2.782732,
962764,Carter,Wong,3.341466,
924313,Emily,Brown,2.519522,
914496,Roger,Wong,2.929491,
968553,Carter,Mcarthy,0.146444,
991546,Phil,clint,0.549425,
963091,Emily,Walter,1.634094,
970862,Carter,clint,3.956849,
973673,Jack,Brown,2.243579,
911297,Cathy,Winehouse,1.989192,
930779,Jamie,Mcarthy,1.687079,
927219,Jack,Rose,1.725064,
923198,Carter,Joestar,1.726130,
962655,Emily,Barch,0.829950,
913435,Tony,Joestar,1.375275,
905371,Abby,Brown,3.133224,
955588,David,Barch,3.562646,
906632,Tony,clint,3.270065,
905353,Phil,Barch,0.119914,
942179,Abby,Mcarthy,0.073354,
921564,Thomas,Rose,0.569161,
958140,Davin,Wong,1.638287,
992063,Tanner,clint,1.193232,
969542,Roger,clint,3.858704,
983176,Carter,Zuko,0.648915,
982388,Cathy,Brown,2.385368,
913004,Emily,Rose-Wall,2.686595,
946337,Tony,Rose,1.572546,
960596,David,Rose,2.883972,
949316,Molly,Rose-Wall,2.347182,
999291,Molly,Walter,0.835266,
953999,Emily,Mcarthy,2.396062,
959088,Abby,Barch,0.421964,
915878,David,clint,1.469163,
900015,Abby,Barch,1.789593,
955968,Molly,Zuko,1.971750,
985148,Emily,Green,2.811203,
912217,Chris,Rose,0.839905,
904713,Davin,Green,3.218499,
948498,Emily,Rose-Wall,3.161534,
955120,Molly,Rose-Wall,1.828495,
941249,Thomas,Rose-Wall,1.895182,
915426,Jack,Zuko,3.541970,
921857,Jack,Joestar,2.321674,
945208,Carter,Wong,3.947850,
911195,Davin,Mcarthy,2.019761,
983329,Tanner,Joestar,2.074300,
937322,Cathy,Brown,1.638166,
932803,Carter,Green,3.121377,
916693,Tanner,Winehouse,2.997594,
983699,Chris,Winehouse,1.219954,
976227,Thomas,Joestar,1.219414,
918178,Abby,Winehouse,2.208431,
953652,Abby,Rose-Wall,3.213820,
925968,Cathy,Brown,3.575876,
981347,Phil,Rose-Wall,1.797616,
906235,Jen,clint,1.879457,
972539,Tanner,Barch,2.945918,
906760,Abby,Zuko,0.570515,
964558,Jack,Winehouse,2.824325,
907881,Jamie,Mcarthy,1.260074,
930411,Thomas,Winehouse,1.823717,
991709,David,Zuko,2.066504,
971407,Molly,Brown,1.394220,
930447,Jamie,foster,3.556406,
916509,Tony,Walter,1.851297,
969518,Thomas,Zuko,2.233536,
927475,Jack,Green,1.503346,
902031,Emily,Rose,1.770717,
911975,Tony,foster,3.669389,
994844,Chris,Walter,3.396269,
999720,Chris,foster,2.603399,
943008,Davin,Winehouse,3.800461,
977271,Jack,foster,0.337318,
926756,Tony,Mcarthy,0.137496,
917702,Roger,Walter,1.613392,
914146,David,Rose,3.046393,
938978,Tony,Barch,2.564785,
936271,David,foster,1.219817,
985607,Roger,Mcarthy,1.874402,
996947,Cathy,Wong,0.188264,
987981,Jamie,Barch,2.751168,
998137,Thomas,Wong,1.173621,
994844,Roger,Brown,0.228939,
988563,Davin,Zuko,1.873023,
900302,Phil,Barch,3.100523,
987531,Cathy,Brown,0.694739,
945843,Tony,foster,1.785734,
979425,David,Brown,1.174744,
978187,Thomas,Rose-Wall,0.508080,
917912,Jamie,Mcarthy,0.976360,
920474,Jamie,Zuko,2.330000,
913968,Davin,Joestar,1.441828,
920163,Thomas,Wong,2.999299,
944423,Molly,Brown,3.379479,
940119,Tanner,Rose,3.716948,
992540,Jen,Rose,0.405419,
917428,David,foster,3.209576,
954512,Davin,Green,0.239780,
951463,Carter,Rose-Wall,0.218456,
905916,Jack,Wong,2.358177,
918262,Roger,Winehouse,3.053777,
964367,Cathy,Rose-Wall,0.228806,
914942,Tony,Zuko,1.209393,
941766,Jack,Brown,3.509054,
902465,Abby,clint,3.936697,
995243,Tony,foster,3.992292,
903943,Jamie,Joestar,2.948335,
903379,Cathy,foster,0.921820,
912577,Jen,Joestar,1.099611,
942405,Tanner,foster,3.522360,
918845,Phil,Walter,1.410845,
947602,Jen,Rose-Wall,0.682627,
902833,Carter,Brown,3.798885,
956611,Emily,Brown,3.145861,
925280,Tanner,Wong,0.349943,
937426,Tanner,Brown,2.099029,
976145,Cathy,Rose-Wall,2.990665,
923326,Emily,Joestar,0.220906,
944490,Molly,Walter,1.094254,
988947,Emily,Green,3.847273,
953387,Tanner,Walter,3.642634,
970728,Jamie,Walter,3.036347,
922153,Roger,Walter,0.853760,
989677,Cathy,Green,0.612281,
963427,Tony,Green,3.365822,
929236,Jack,Brown,3.260437,
939341,Jen,Mcarthy,1.491042,
912692,Phil,Joestar,0.962007,
940005,Carter,Wong,2.938245,
935583,Carter,Winehouse,1.009401,
953243,Carter,Zuko,1.396924,
909801,Chris,clint,1.694035,
973215,Roger,Mcarthy,2.923328,
912892,Molly,Mcarthy,0.883847,
919728,David,Barch,2.764827,
988790,Phil,Rose-Wall,2.804256,
956281,Phil,Winehouse,0.516791,
902871,Tony,Brown,0.198552,
913515,Abby,foster,1.912278,
920681,Tanner,foster,2.378123,
985058,Davin,Wong,2.129417,
938111,Jen,Walter,3.520930,
927120,Abby,Zuko,2.993249,
914285,Abby,Brown,3.689444,
969260,Chris,Rose-Wall,1.858814,
954236,Thomas,Barch,0.293324,
971949,Jen,Wong,3.545986,
914925,Abby,Zuko,2.633293,
984962,Thomas,Rose,0.247088,
949408,Cathy,foster,0.000099,
931288,Cathy,Rose-Wall,3.227959,
906814,Carter,clint,1.111701,
925377,Roger,Brown,2.936833,
913998,Jack,Zuko,1.708275,
980323,Abby,Zuko,3.715846,
963021,Thomas,Wong,0.966483,
978956,Cathy,Barch,2.812922,
959381,Carter,foster,3.643296,
902329,Phil,Barch,2.659549,
947602,Phil,Rose-Wall,3.576021,
947078,Thomas,clint,3.626438,
967086,Carter,Wong,1.278819,
922872,Roger,Rose-Wall,1.916190,
949692,Thomas,Green,0.668637,
967548,Molly,Mcarthy,3.022037,
958740,Carter,Walter,1.153336,
994128,Phil,Green,1.323534,
944337,Davin,Rose-Wall,3.337558,
915254,Jen,Rose,0.652500,
923631,Tanner,Wong,3.065580,
939795,Tony,Rose-Wall,1.082211,
968602,Emily,Zuko,3.952898,
917498,Chris,Walter,3.165164,
992199,Molly,Brown,1.026442,
937838,Cathy,clint,0.243701,
959551,Thomas,Rose-Wall,3.995034,
993876,Emily,Joestar,2.273651,
913835,Tony,foster,2.229297,
913952,Tony,Brown,0.876564,
986555,Tony,Walter,2.188709,
947795,Roger,Rose,0.089756,
921516,Molly,Green,1.772634,
923115,Molly,Brown,1.716596,
915997,Tony,Green,0.274199,
905082,Emily,Rose-Wall,0.426846,
931414,Jen,Wong,0.579475,
937551,Abby,Zuko,3.778785,
955516,Tanner,Green,2.590534,
900562,Thomas,Walter,2.800791,
974441,Phil,Zuko,1.354451,
926469,Molly,Rose,3.289202,
974468,Roger,clint,1.443659,
914748,Jen,Rose-Wall,1.414250,
943305,Molly,Brown,3.521921,
940769,Tanner,Rose-Wall,0.129575,
916018,Davin,Winehouse,2.706889,
986240,Roger,Green,2.787060,
986035,Jamie,Brown,2.231995,
952246,Molly,Winehouse,1.370965,
913967,Cathy,Green,0.980283,
980428,Jamie,Walter,2.848103,
901129,Tanner,Winehouse,1.561839,
987747,Tony,Brown,1.772669,
996988,Cathy,Wong,3.436247,
908232,Tony,Joestar,3.340100,
967102,Abby,Zuko,0.718690,
998968,Chris,Winehouse,3.259830,
932183,Carter,Barch,1.280503,
985092,Thomas,foster,2.799830,
986025,Molly,Winehouse,3.779503,
933044,Emily,Barch,1.004743,
926196,David,Barch,0.148355,
982023,Jen,Brown,0.079848,
964982,Jack,foster,3.172248,
939452,Roger,foster,1.705054,
908712,David,foster,2.459658,
910183,Chris,Joestar,2.313644,
919766,Davin,Green,2.141525,
982909,Jack,Green,0.662240,
998007,Thomas,Wong,3.259221,
981889,Abby,Rose-Wall,2.612317,
979508,Jack,Winehouse,1.646019,
956876,Roger,Wong,1.532455,
993032,Jamie,Joestar,1.964087,
911451,Emily,Joestar,0.228165,
921256,Jen,Walter,2.203051,
948813,Chris,Zuko,0.201353,
938903,Tanner,foster,0.468166,
902003,Carter,Rose-Wall,3.708842,
961245,Davin,Winehouse,2.435933,
983654,Phil,Joestar,1.812955,
903395,Molly,Winehouse,1.292565,
987348,Phil,Joestar,2.447553,
924873,Chris,Winehouse,0.060537,
990711,Phil,Barch,3.822951,
950924,Jack,foster,1.312394,
953648,Chris,foster,3.571760,
963219,Tanner,Green,1.866731,
984105,Jen,Walter,1.481416,
980666,Carter,Barch,3.799455,
906069,Roger,clint,2.913683,
962758,Thomas,Wong,0.041559,
900135,Abby,Joestar,0.548620,
971590,Tony,Winehouse,3.659853,
900152,Davin,Wong,1.332448,
967964,Tanner,Brown,1.958610,
944265,Molly,Walter,2.484783,
975012,Davin,Walter,0.727536,
911397,Jen,Wong,1.725784,
969253,Jamie,Rose,2.768417,
914239,Jen,Rose,0.709303,
964679,Molly,Brown,0.258856,
931509,Carter,Brown,0.665438,
983951,Jack,Joestar,1.218922,
937389,David,Rose,3.773223,
960194,Phil,Wong,0.524831,
977203,Molly,Zuko,1.755577,
945132,Phil,Rose-Wall,2.861964,
921086,David,Green,2.867200,
907215,David,Green,3.355679,
988027,Jack,Rose,1.688213,
951191,Jen,Green,1.819248,
926219,Cathy,Barch,1.395105,
911633,Molly,foster,0.338764,
907323,Jamie,Joestar,3.755265,
963774,Davin,Joestar,3.467440,
929859,Carter,Barch,2.369637,
947232,Jack,Brown,2.172491,
959026,Davin,foster,2.101333,
984131,Jamie,Rose,3.051370,
908137,Jamie,Wong,3.895367,
902430,Cathy,Joestar,0.828712,
934287,Roger,Mcarthy,0.633559,
997818,David,Brown,3.235215,
967667,Roger,Rose-Wall,0.342740,
922650,Cathy,Mcarthy,2.815475,
904911,Jamie,Green,1.551487,
996584,Cathy,Walter,0.598626,
946184,Carter,Rose-Wall,3.087938,
943039,Roger,clint,0.034936,
972320,David,Walter,3.011765,
932994,Roger,Rose-Wall,1.124862,
967171,Roger,Joestar,3.740766,
937127,Molly,Wong,3.511783,
947703,Jen,Rose-Wall,0.423479,
961061,Roger,Barch,0.259954,
920207,Chris,clint,3.869385,
991015,Phil,Wong,1.424890,
987384,Cathy,Mcarthy,2.805338,
933887,Jamie,Rose,3.171790,
907897,Chris,Walter,3.191210,
944264,Cathy,Green,2.466003,
937601,Tanner,foster,3.567565,
902789,Roger,clint,3.536447,
910495,Phil,Rose-Wall,3.329956,
969431,Phil,Barch,1.126016,
963457,Tanner,clint,1.608390,
946251,Tony,Brown,1.948965,
922413,Emily,Mcarthy,0.875648,
931889,Abby,Mcarthy,2.590453,
975863,Cathy,Rose-Wall,1.706547,
977009,Jamie,Walter,0.934669,
907794,Tanner,Rose,3.105857,
971866,Jen,Green,2.111197,
961581,Jack,Walter,3.965109,
905833,Roger,Winehouse,1.105808,
993927,Emily,Winehouse,1.315897,
901185,Carter,foster,1.690441,
961937,Thomas,Zuko,1.419464,
908356,Emily,Winehouse,0.275398,
974408,Emily,Barch,2.745462,
946155,Jamie,Walter,2.112648,
933444,Phil,Joestar,1.586404,
948395,Jen,Green,0.842993,
922771,Molly,Brown,1.362674,
982423,Jen,Barch,0.567223,
910771,Chris,Winehouse,1.668815,
926837,Davin,clint,2.035980,
965697,Chris,Wong,0.786557,
968759,Abby,Mcarthy,2.712635,
914711,Davin,Barch,0.364719,
965767,Jen,Mcarthy,1.780021,
900201,Tanner,Mcarthy,2.681027,
993348,Abby,Rose,3.520378,
950364,Chris,Brown,2.818926,
900454,Jamie,Rose-Wall,2.914332,
956929,Jack,Rose-Wall,0.711535,
993357,Jamie,clint,2.023448,
982805,Tony,Zuko,1.550900,
997602,Roger,Barch,3.008964,
976693,Molly,Winehouse,3.154519,
937741,Jamie,Rose,0.630872,
923356,Molly,Mcarthy,2.020178,
916706,Jack,Mcarthy,1.497086,
909282,Jen,Green,2.330880,
920797,Roger,Zuko,2.038001,
978196,Tony,Zuko,0.768892,
993751,Emily,Winehouse,3.521435,
908469,Jen,Zuko,1.758793,
901805,Roger,Rose,2.626912,
909564,Jen,Brown,3.241270,
919597,Tony,Barch,3.456889,
920682,Cathy,Walter,0.006358,
975933,Davin,Barch,3.981530,
913442,Jamie,Mcarthy,3.722708,
922034,Emily,Wong,0.026183,
986577,Roger,Mcarthy,0.664746,
925505,David,Rose,3.601964,
953752,Tony,clint,0.073533,
920148,Tanner,Rose-Wall,0.545627,
945972,Jamie,foster,3.303742,
960255,Jamie,Mcarthy,3.885523,
981997,Abby,Wong,0.639637,
956235,Carter,Walter,1.208233,
939315,Tony,Winehouse,1.932739,
992365,Roger,Zuko,0.309837,
922438,Roger,foster,2.552163,
959398,Thomas,Walter,1.722382,
922154,Davin,Zuko,1.682340,
932092,Emily,foster,2.773757,
966186,Jamie,Walter,2.079947,
944857,Cathy,Barch,2.844597,
936216,Abby,Brown,0.640456,
962954,Molly,Winehouse,2.172983,
915138,Roger,Rose-Wall,3.437012,
913921,Carter,clint,0.539230,
970560,Cathy,foster,0.206294,
979632,Roger,Rose,3.506063,
970771,Tanner,Wong,3.266023,
904597,Carter,Wong,3.081975,
992460,Phil,Brown,1.314188,
995621,Tony,Wong,3.493986,
951473,David,Green,3.688973,
977470,Emily,Mcarthy,1.121298,
937298,Davin,Walter,2.822507,
935163,Phil,Winehouse,0.088593,
975101,Chris,Winehouse,3.671581,
979493,David,Walter,2.573261,
958086,Jack,clint,2.377318,
917254,Tanner,foster,1.686956,
915729,Roger,Brown,1.416499,
955916,Davin,Brown,2.514040,
974664,Molly,foster,3.608540,
943397,Roger,Walter,0.562325,
956324,Phil,Rose,3.469074,
901746,Chris,Barch,1.437288,
907404,Roger,Brown,0.603268,
969821,Tanner,Rose,3.350038,
937565,Molly,Joestar,2.738131,
924702,David,Winehouse,2.949742,
924771,Tony,Walter,3.927145,
983609,Chris,foster,2.100289,
909770,Chris,Rose-Wall,0.655528,
938764,David,Winehouse,2.833247,
926223,Abby,Mcarthy,0.768667,
958512,Davin,Wong,3.685920,
956174,Emily,Zuko,0.450171,
959295,Chris,Rose,0.495907,
920935,Phil,Green,3.600985,
979256,Jack,Rose,0.145799,
964153,Tanner,Wong,2.258887,
953895,Carter,foster,2.989298,
905710,Carter,Rose,2.597440,
952963,Emily,Brown,3.367705,
939189,Jack,Wong,2.226700,
952501,Jen,Walter,2.261662,
945990,Phil,Brown,1.727950,
971823,Tony,Brown,1.197756,
958872,Davin,Zuko,2.500044,
990735,Tanner,Zuko,3.862594,
904254,Carter,clint,1.097146,
974895,Davin,Winehouse,1.735086,
992401,Chris,Rose,1.155630,
926030,Jen,Rose-Wall,0.621464,
926163,Tony,Walter,1.340444,
900404,Emily,Winehouse,3.161596,
908664,Jen,Barch,1.383453,
971365,Tony,Walter,0.363662,
909275,Tony,Barch,3.225227,
966068,David,Brown,0.895935,
940282,Phil,Joestar,1.592935,
917782,Davin,Winehouse,3.608682,
905422,Molly,clint,2.952127,
923692,Davin,Brown,0.239270,
925658,David,Rose,3.308708,
943636,Davin,Rose-Wall,1.354775,
979434,Jamie,Wong,1.292164,
945533,Molly,clint,0.453476,
961466,Davin,Rose,3.603529,
929878,Jamie,Rose-Wall,1.600683,
990054,Davin,Barch,1.515921,
916803,Emily,Brown,1.287503,
924489,Jamie,Brown,2.709047,
944072,Thomas,Mcarthy,2.087677,
919495,Emily,Wong,3.515288,
904085,Chris,Rose,0.298700,
902733,Molly,Rose-Wall,0.854236,
934945,Thomas,Rose,0.432883,
957876,Thomas,Green,3.206021,
964794,Carter,Wong,3.446583,
949022,Molly,Green,0.408057,
905223,Phil,Zuko,0.492058,
933478,Thomas,Barch,3.097113,
916450,Roger,Mcarthy,2.162953,
943559,Tanner,Walter,0.722353,
981449,Cathy,Joestar,3.976150,
966498,Tony,Green,3.240511,
955363,David,Rose-Wall,3.742871,
953602,Emily,Wong,1.641635,
989370,Jack,Zuko,0.092688,
920140,Molly,Green,0.539995,
982330,David,Wong,0.331950,
931005,Jamie,Mcarthy,2.116147,
924047,Carter,foster,0.759783,
949336,Roger,Brown,2.767490,
982495,Jamie,Joestar,3.288892,
915548,Thomas,Brown,3.243211,
914196,Emily,Barch,1.458236,
978843,Cathy,Walter,1.386453,
949932,Thomas,Barch,3.491802,
985512,Jen,Rose-Wall,1.460211,
967120,Thomas,Rose-Wall,2.073780,
958310,Thomas,foster,1.767053,
957518,Davin,Wong,3.615518,
983082,Tanner,Wong,1.603544,
986805,Emily,Rose,0.838651,
992133,Phil,Walter,3.676558,
910493,Molly,clint,2.593788,
949554,Cathy,foster,3.815825,
905410,Jen,Rose-Wall,2.930191,
924823,Jamie,Barch,3.940610,
900161,Roger,Mcarthy,1.721788,
982860,Carter,Rose-Wall,3.895684,
925015,Cathy,Rose,2.004867,
979373,Jamie,Wong,0.857830,
927954,Thomas,Rose-Wall,2.244968,
983077,David,Green,1.397886,
917503,Jamie,Wong,0.265047,
968116,Molly,Barch,3.369194,
989601,Molly,Brown,1.814686,
994236,Davin,Zuko,1.668116,
959480,Carter,Walter,3.860560,
924422,Jamie,foster,1.963134,
975114,Molly,foster,2.220801,
953151,Thomas,Rose-Wall,3.516851,
968091,Chris,Rose,2.909202,
978635,Thomas,Zuko,3.118107,
909296,Chris,Winehouse,0.845231,
933909,Davin,Winehouse,0.085740,
933818,Chris,clint,1.870561,
913801,Abby,Wong,3.582674,
932658,Roger,Green,3.169084,
963943,Davin,Walter,2.212751,
943002,Chris,Walter,1.650052,
904657,Thomas,clint,2.507789,
940879,Phil,Joestar,3.521937,
986990,Phil,Zuko,1.281136,
953829,Molly,Rose-Wall,2.331165,
907324,Cathy,Barch,0.320439,
951934,Carter,Brown,0.887983,
919315,Chris,foster,1.674768,
961750,Jamie,clint,3.239192,
909141,Molly,Rose-Wall,2.218621,
915334,David,Rose-Wall,2.741396,
949365,Davin,Joestar,3.412521,
901501,Tony,Winehouse,2.613017,
974240,Jamie,Rose,3.497252,
991669,Davin,Green,3.736144,
936195,Roger,Joestar,0.023070,
903934,Tanner,clint,0.754380,
991264,Tanner,Rose-Wall,1.198317,
953884,David,Mcarthy,0.802607,
931708,Jamie,Walter,2.260732,
909884,Phil,Zuko,3.315906,
999198,Thomas,Barch,0.026565,
929720,Davin,Joestar,2.384394,
946007,Jack,Wong,0.315825,
910537,Jen,Zuko,1.390902,
975925,David,Wong,1.742267,
949586,Emily,Zuko,2.260031,
975196,Chris,clint,1.009046,
946183,Tony,Green,1.349619,
961266,Jack,Brown,3.294677,
901521,Emily,Rose-Wall,0.457770,
971568,Abby,Green,1.600233,
926452,Emily,Wong,2.555871,
906856,Carter,Green,3.640127,
987737,Jen,Zuko,3.766534,
950360,Phil,Barch,1.455110,
942247,Emily,Zuko,3.414082,
919524,Molly,Wong,0.535736,
979404,Davin,foster,2.653471,
941326,Cathy,Wong,2.711708,
910227,Chris,foster,0.237602,
954239,Carter,Rose-Wall,2.687009,
945008,Phil,Barch,1.331449,
900953,Molly,Mcarthy,2.071787,
947545,Chris,Winehouse,0.189710,
987361,Chris,Rose,3.575222,
924837,Roger,Green,1.100566,
927546,Phil,Walter,3.245218,
976502,David,Wong,3.189679,
961743,Thomas,Green,1.742807,
980446,Roger,Rose-Wall,1.072514,
915379,Carter,Brown,0.387218,
980219,Cathy,Mcarthy,2.399127,
996156,Jen,Barch,1.821509,
922220,Chris,Rose-Wall,0.677228,
998191,Tanner,Joestar,1.708081,
953717,Jamie,Walter,3.037809,
981873,Davin,Brown,1.731696,
943214,Tony,Mcarthy,0.040597,
963100,Chris,clint,1.915694,
947699,Tanner,clint,3.491289,
933802,Davin,Winehouse,2.249767,
967176,Davin,Green,3.642145,
977059,Tony,foster,1.367748,
969760,Cathy,foster,2.641229,
985463,Abby,Walter,0.817350,
980441,David,Green,3.638207,
931731,Thomas,foster,1.363696,
946467,Roger,Mcarthy,3.210621,
944296,Abby,Barch,0.197154,
948025,Tanner,Brown,3.034834,
940864,Jamie,clint,2.990692,
971417,David,Brown,0.463360,
949802,Jamie,foster,3.468718,
955923,Carter,Green,2.283592,
957826,Carter,Winehouse,1.718506,
999240,Roger,foster,1.885863,
972412,Abby,Rose,2.284020,
987134,Cathy,Brown,0.391010,
901645,Carter,Rose-Wall,1.758429,
984053,Tanner,Rose-Wall,2.547132,
960072,Roger,foster,2.931273,
947604,Roger,Wong,3.443672,
915508,Carter,Rose-Wall,1.421324,
913607,Chris,Winehouse,0.041592,
981872,Abby,Mcarthy,2.254292,
950788,Jack,clint,0.873263,
948823,Roger,Rose,1.360926,
929347,David,Rose-Wall,3.297402,
947585,Tanner,Zuko,0.712532,
969200,Tony,Green,0.459381,
902581,Carter,Rose,3.176822,
912157,Roger,Rose,0.010585,
935296,Roger,Joestar,2.876519,
952803,Phil,Rose,0.024869,
946329,Jamie,Green,0.655739,
930041,Roger,Barch,1.289698,
946612,Molly,Mcarthy,0.809396,
927749,David,Wong,3.312006,
946896,Cathy,Joestar,0.389538,
997035,Tony,Joestar,2.292616,
958738,David,Brown,0.744871,
949613,Jen,Joestar,0.657803,
958986,Emily,Brown,3.495284,
974650,Tony,Wong,0.179716,
999898,Tony,Mcarthy,1.730333,
963697,Molly,Wong,1.425294,
926491,Cathy,foster,1.967067,
901946,Roger,Mcarthy,1.665337,
941909,David,Winehouse,2.650965,
900844,Tony,Barch,3.060913,
921329,Cathy,Mcarthy,0.228784,
901214,Thomas,Mcarthy,3.049157,
965015,Cathy,Brown,1.804995,
965924,Emily,Rose-Wall,1.203761,
934494,David,Winehouse,3.135254,
969236,Thomas,clint,3.516143,
942969,Cathy,Walter,2.459629,
975033,Roger,Wong,3.801594,
957447,Jamie,Green,2.027083,
920242,Tony,Barch,1.651884,
905000,Molly,foster,1.228934,
900113,Abby,Zuko,2.772587,
901492,Tanner,Green,2.140801,
986218,Thomas,Walter,2.375607,
914512,Emily,Green,3.296611,
945199,Chris,Green,0.162069,
982096,Phil,Winehouse,2.991553,
946878,Tanner,foster,1.304717,
929022,Tanner,foster,3.658006,
985050,Tanner,Green,0.076120,
941356,Carter,Barch,0.678062,
975725,Abby,clint,0.401319,
970645,Chris,Green,1.866107,
912429,Davin,Mcarthy,0.597428,
983936,Emily,Brown,0.597730,
993875,Tanner,Brown,0.417927,
923856,David,Rose-Wall,0.443508,
931080,Thomas,Rose-Wall,3.104526,
969261,Tanner,Wong,2.326425,
986044,David,Barch,1.250305,
980707,Jen,Brown,2.623507,
994145,Tanner,Green,1.289733,
980959,Jack,Joestar,1.617197,
951051,Jen,foster,2.955322,
973089,Carter,Winehouse,2.571728,
935948,Chris,Mcarthy,0.394855,
982213,Thomas,Rose-Wall,3.479670,
940326,Jamie,Rose-Wall,0.703148,
940900,Jamie,Barch,1.515434,
930209,David,Mcarthy,1.541339,
904113,Roger,Rose,0.807137,
986064,David,clint,3.821375,
934901,Chris,foster,0.212896,
995067,Jack,Green,3.893919,
995652,Cathy,clint,0.115681,
985595,Tanner,Walter,3.592010,
924261,Tanner,Rose,0.268021,
992620,Cathy,Winehouse,3.654157,
979372,Tony,Wong,3.169975,
952006,Carter,Rose-Wall,2.968680,
927834,Jamie,foster,0.318010,
931388,David,Zuko,3.248674,
914033,Abby,Rose,3.929999,
935287,Carter,Winehouse,0.574981,
981362,Jamie,Winehouse,1.603767,
937840,Thomas,Green,1.299607,
987751,Phil,Zuko,0.229559,
987384,Chris,Zuko,1.882350,
976480,Cathy,Rose-Wall,0.583127,
972712,Tony,Joestar,2.391346,
956911,Thomas,Brown,1.106668,
998713,Cathy,Mcarthy,0.591289,
958968,Carter,Rose-Wall,0.012847,
999348,Abby,Brown,0.449583,
987147,Tony,Wong,1.807073,
980704,Tanner,foster,0.846432,
955417,Carter,Barch,2.562623,
975358,Phil,Brown,2.412767,
972186,Emily,Green,1.200970,
938961,Emily,Walter,1.999988,
930329,Tanner,Joestar,2.951051,
924975,Jack,Mcarthy,1.122909,
920875,Jamie,Winehouse,2.208392,
973249,Thomas,Brown,2.077504,
981241,Molly,Barch,0.114435,
919286,Thomas,Wong,0.858406,
954518,Jamie,clint,1.628778,
965555,Thomas,clint,1.670000,
953145,Tanner,Zuko,2.322653,
951096,Jen,Wong,2.868990,
989692,Tony,Mcarthy,0.212784,
962069,David,Rose-Wall,0.485212,
953555,Emily,Rose-Wall,1.641801,
925175,David,foster,1.201008,
928733,Molly,clint,0.064607,
930739,Tanner,foster,1.146002,
930529,Jen,Wong,3.172193,
934485,Jack,Winehouse,0.476912,
942149,Abby,Green,2.704499,
952649,Cathy,Walter,0.836917,
920605,Abby,Mcarthy,0.271637,
978496,Roger,Rose-Wall,3.111512,
940774,Roger,Barch,2.377189,
994187,Cathy,Mcarthy,1.010993,
988709,Tony,Green,2.423599,
972324,Jen,Green,0.848224,
983061,Phil,Zuko,3.663449,
914656,Jen,Wong,0.124357,
951676,Phil,Rose-Wall,1.122997,
933707,Tony,Rose-Wall,2.824808,
951713,Emily,Rose-Wall,1.572143,
906265,Phil,Brown,3.809335,
909511,Tony,Zuko,2.271138,
966682,Jamie,Zuko,1.384652,
909288,Thomas,Green,3.754327,
904252,Emily,Barch,0.791491,
925311,Abby,Mcarthy,1.485187,
929518,Jack,Barch,2.753315,
965060,Emily,Joestar,1.458032,
900716,Chris,Brown,1.321831,
928220,Emily,Mcarthy,3.537022,
923013,Tanner,clint,0.622185,
949960,Molly,Winehouse,1.970897,
937356,Abby,foster,0.981667,
956951,David,foster,2.755982,
949974,Emily,Wong,0.095325,
939137,Carter,foster,1.866693,
966794,Molly,Walter,2.144123,
944128,Thomas,Winehouse,3.907541,
978399,David,foster,3.003012,
946918,Davin,Rose-Wall,1.085974,
972831,Emily,Wong,1.377441,
985570,Roger,Brown,3.462401,
952655,Carter,clint,0.844767,
900185,David,Barch,0.004592,
908155,Emily,Rose-Wall,3.944681,
989528,Cathy,Rose,0.338870,
950529,Tanner,Rose-Wall,2.802831,
971779,Abby,foster,3.131570,
962062,Cathy,Rose,1.856233,
982725,David,foster,3.371903,
919991,Cathy,Rose-Wall,0.352750,
917222,Chris,Walter,1.020927,
984444,Cathy,Winehouse,2.709100,
945300,Carter,Walter,0.412063,
993990,Jamie,Wong,0.819126,
965311,Thomas,foster,3.181445,
922696,Chris,Winehouse,2.529441,
991447,Cathy,Green,3.664989,
996837,Jen,Wong,0.110431,
948648,Carter,Green,0.122323,
941865,Chris,Brown,2.287408,
958517,Jen,Green,2.551341,
951778,Chris,Walter,2.327583,
908570,Jen,clint,1.259165,
955731,Davin,foster,0.670899,
996392,Thomas,clint,2.858885,
940565,Molly,Brown,2.656604,
975474,Jack,Zuko,2.733745,
907576,Davin,Rose-Wall,2.817684,
959172,David,Green,0.079092,
912224,Jack,Wong,0.314891,
937320,Davin,Barch,0.410445,
944910,Tanner,Brown,1.801013,
925585,Chris,Wong,3.881473,
933569,Davin,Green,1.796834,
924180,Jamie,Brown,2.072971,
943335,Jamie,Winehouse,1.779521,
965272,David,Barch,2.762476,
943209,Chris,Rose,3.363069,
980968,Jack,clint,2.651119,
911569,Jamie,Mcarthy,2.452158,
915921,Davin,Barch,0.019942,
929572,Abby,Brown,2.613438,
945534,Cathy,Joestar,3.910438,
969445,Jen,Joestar,1.650462,
921468,David,Brown,3.197088,
959363,Roger,Brown,1.064460,
986264,Molly,Walter,2.218519,
977319,Emily,Mcarthy,2.854489,
986510,Davin,Zuko,3.641919,
958573,Roger,Rose-Wall,1.411284,
950625,Thomas,Barch,0.625569,
927967,Thomas,Wong,2.323039,
911542,Jen,Joestar,2.748665,
961741,Tony,Green,1.802014,
942915,Davin,Winehouse,1.194936,
907431,Thomas,Rose,1.885888,
912114,Carter,Winehouse,0.098057,
919142,Thomas,clint,0.604405,
935399,Jack,Barch,3.783875,
974125,Roger,Joestar,0.597039,
916921,Carter,Rose,2.817924,
962087,Thomas,Rose-Wall,1.036257,
924488,Davin,clint,3.021825,
950914,Cathy,foster,2.333896,
905761,David,Brown,3.547543,
900102,Jamie,clint,2.196925,
978910,Phil,Zuko,1.896599,
931268,Emily,Winehouse,0.726920,
960757,Tanner,Mcarthy,2.569201,
915671,Tanner,Mcarthy,2.459902,
901115,Molly,Rose-Wall,2.248427,
983268,Cathy,foster,2.186585,
997687,Cathy,Barch,0.934674,
979931,Jen,Rose-Wall,1.684315,
962057,Roger,Joestar,0.119409,
927983,Tony,Zuko,0.160893,
958478,Tony,Green,0.557185,
998552,Abby,Walter,3.821602,
960254,David,Barch,3.274445,
962492,Tanner,Green,1.278206,
907590,Chris,Joestar,0.192959,
936469,Jamie,Barch,2.890307,
915201,Roger,Joestar,1.895642,
989003,Abby,Wong,2.511265,
974633,Thomas,Brown,2.188708,
960908,Jen,Brown,3.554923,
906729,Carter,Walter,3.905796,
921423,David,Rose-Wall,3.601794,
953662,Jamie,Zuko,3.213054,
994929,Phil,Mcarthy,3.834296,
948275,Cathy,Joestar,2.006664,
951925,Roger,Zuko,1.314151,
964933,Jamie,Winehouse,3.636881,
901812,Phil,Rose-Wall,2.886024,
923802,Thomas,Walter,0.968435,
965001,Davin,Zuko,1.883220,
973184,Thomas,foster,2.893762,
917255,Cathy,Winehouse,3.209486,
937294,Abby,Brown,1.836048,
917836,Thomas,Winehouse,2.784224,
959249,Jack,foster,3.342484,
938004,Emily,Joestar,3.079403,
983011,Chris,Walter,1.153906,
930025,Jen,foster,1.795446,
949748,Davin,Rose,2.965936,
900287,Molly,Green,2.368298,
990488,Chris,foster,3.480894,
957230,Tanner,Rose,3.275021,
995082,Phil,Brown,3.611730,
969486,Jamie,Joestar,0.064883,
992912,Emily,Wong,2.762563,
980286,Tony,Brown,2.146729,
963893,Jen,Rose,1.906946,
964146,Jack,Rose-Wall,2.339330,
916895,David,Wong,3.673425,
931022,Jamie,clint,0.512007,
